additional_characteristics,cost_feature,curve_characteristics,curve_id,curve_type,damage_states,derivation_methodology,exposed_element,geographical_application,hazard_type,intensity_metric,original_id,readily_available,sector,source,source_details,uncertainty_range,hazard_name,sheet_name,intensity_axis,intensity_unit
Anchored/seismic components,Yes,RC ,E1.1,F + V,"4 - 'Slight', 'Moderate', 'Extensive', 'Complete'",H (A+E+O),Small power plants,USA,E,Peak Ground Acceleration,EPPS,"Yes, median and dispersion factor were given for reconstruction of the curve",Energy,FEMA (2020),M,"Yes, bandwidth(s) for curve(s)",earthquake,E_Vuln_PGA,Peak Ground Acceleration,g
Unanchored/standard components,Yes,RC ,E1.2,F + V,"4 - 'Slight', 'Moderate', 'Extensive', 'Complete'",H (A+E+O),Small power plants,USA,E,Peak Ground Acceleration,EPPS,"Yes, median and dispersion factor were given for reconstruction of the curve",Energy,FEMA (2020),M,"Yes, bandwidth(s) for curve(s)",earthquake,E_Vuln_PGA,Peak Ground Acceleration,g
Anchored/seismic components,Yes,RC ,E1.3,F + V,"4 - 'Slight', 'Moderate', 'Extensive', 'Complete'",H (A+E+O),Medium/large power plants,USA,E,Peak Ground Acceleration,EPP3,"Yes, median and dispersion factor were given for reconstruction of the curve",Energy,FEMA (2020),M,"Yes, bandwidth(s) for curve(s)",earthquake,E_Vuln_PGA,Peak Ground Acceleration,g
Unanchored/standard components,Yes,RC ,E1.4,F + V,"4 - 'Slight', 'Moderate', 'Extensive', 'Complete'",H (A+E+O),Medium/large power plants,USA,E,Peak Ground Acceleration,EPP4,"Yes, median and dispersion factor were given for reconstruction of the curve",Energy,FEMA (2020),M,"Yes, bandwidth(s) for curve(s)",earthquake,E_Vuln_PGA,Peak Ground Acceleration,g
Anchored components,Yes,RC,E12.1,F + V,"4 - 'Slight', 'Moderate', 'Extensive', 'Complete'",H (A+E+O),Central offices and broadcasting stations,USA,E,Peak Ground Acceleration,,"Yes, median and dispersion factor were given for reconstruction of the curve",Telecommunication,FEMA (2020),M,"Yes, bandwidth(s) for curve(s)",earthquake,E_Vuln_PGA,Peak Ground Acceleration,g
Unanchored components,Yes,RC,E12.2,F + V,"4 - 'Slight', 'Moderate', 'Extensive', 'Complete'",H (A+E+O),Central offices and broadcasting stations,USA,E,Peak Ground Acceleration,,"Yes, median and dispersion factor were given for reconstruction of the curve",Telecommunication,FEMA (2020),M,"Yes, bandwidth(s) for curve(s)",earthquake,E_Vuln_PGA,Peak Ground Acceleration,g
"On-ground concrete tank, anchored",Yes,RC,E13.1,F + V,"4 - 'Slight', 'Moderate', 'Extensive', 'Complete'",H (A+E+O),Water storage tanks,USA,E,Peak Ground Acceleration,,"Yes, median and dispersion factor were given for reconstruction of the curve",Water,FEMA (2020),M,"Yes, bandwidth(s) for curve(s)",earthquake,E_Vuln_PGA,Peak Ground Acceleration,g
"On-ground concrete tank, unanchored",Yes,RC,E13.2,F + V,"4 - 'Slight', 'Moderate', 'Extensive', 'Complete'",H (A+E+O),Water storage tanks,USA,E,Peak Ground Acceleration,,"Yes, median and dispersion factor were given for reconstruction of the curve",Water,FEMA (2020),M,"Yes, bandwidth(s) for curve(s)",earthquake,E_Vuln_PGA,Peak Ground Acceleration,g
"On-ground steel tank, anchored",Yes,RC,E13.3,F + V,"4 - 'Slight', 'Moderate', 'Extensive', 'Complete'",H (A+E+O),Water storage tanks,USA,E,Peak Ground Acceleration,,"Yes, median and dispersion factor were given for reconstruction of the curve",Water,FEMA (2020),M,"Yes, bandwidth(s) for curve(s)",earthquake,E_Vuln_PGA,Peak Ground Acceleration,g
"On-ground steel tank, unanchored",Yes,RC,E13.4,F + V,"4 - 'Slight', 'Moderate', 'Extensive', 'Complete'",H (A+E+O),Water storage tanks,USA,E,Peak Ground Acceleration,,"Yes, median and dispersion factor were given for reconstruction of the curve",Water,FEMA (2020),M,"Yes, bandwidth(s) for curve(s)",earthquake,E_Vuln_PGA,Peak Ground Acceleration,g
Above-ground steel tank,Yes,RC,E13.5,F + V,"4 - 'Slight', 'Moderate', 'Extensive', 'Complete'",H (A+E+O),Water storage tanks,USA,E,Peak Ground Acceleration,,"Yes, median and dispersion factor were given for reconstruction of the curve",Water,FEMA (2020),M,"Yes, bandwidth(s) for curve(s)",earthquake,E_Vuln_PGA,Peak Ground Acceleration,g
On-ground wood tank,Yes,RC,E13.6,F + V,"4 - 'Slight', 'Moderate', 'Extensive', 'Complete'",H (A+E+O),Water storage tanks,USA,E,Peak Ground Acceleration,,"Yes, median and dispersion factor were given for reconstruction of the curve",Water,FEMA (2020),M,"Yes, bandwidth(s) for curve(s)",earthquake,E_Vuln_PGA,Peak Ground Acceleration,g
Anchored components,Yes,RC,E14.1,F + V,"4 - 'Slight', 'Moderate', 'Extensive', 'Complete'",H (A+E+O),Small water treatment plant,USA,E,Peak Ground Acceleration,,"Yes, median and dispersion factor were given for reconstruction of the curve",Water,FEMA (2020),M,"Yes, bandwidth(s) for curve(s)",earthquake,E_Vuln_PGA,Peak Ground Acceleration,g
Unanchored components,Yes,RC,E14.2,F + V,"4 - 'Slight', 'Moderate', 'Extensive', 'Complete'",H (A+E+O),Small water treatment plant,USA,E,Peak Ground Acceleration,,"Yes, median and dispersion factor were given for reconstruction of the curve",Water,FEMA (2020),M,"Yes, bandwidth(s) for curve(s)",earthquake,E_Vuln_PGA,Peak Ground Acceleration,g
Anchored components,Yes,RC,E14.3,F + V,"4 - 'Slight', 'Moderate', 'Extensive', 'Complete'",H (A+E+O),Medium water treatment plant,USA,E,Peak Ground Acceleration,,"Yes, median and dispersion factor were given for reconstruction of the curve",Water,FEMA (2020),M,"Yes, bandwidth(s) for curve(s)",earthquake,E_Vuln_PGA,Peak Ground Acceleration,g
Unanchored components,Yes,RC,E14.4,F + V,"4 - 'Slight', 'Moderate', 'Extensive', 'Complete'",H (A+E+O),Medium water treatment plant,USA,E,Peak Ground Acceleration,,"Yes, median and dispersion factor were given for reconstruction of the curve",Water,FEMA (2020),M,"Yes, bandwidth(s) for curve(s)",earthquake,E_Vuln_PGA,Peak Ground Acceleration,g
Anchored components,Yes,RC,E14.5,F + V,"4 - 'Slight', 'Moderate', 'Extensive', 'Complete'",H (A+E+O),Large water treatment plant,USA,E,Peak Ground Acceleration,,"Yes, median and dispersion factor were given for reconstruction of the curve",Water,FEMA (2020),M,"Yes, bandwidth(s) for curve(s)",earthquake,E_Vuln_PGA,Peak Ground Acceleration,g
Unanchored components,Yes,RC,E14.6,F + V,"4 - 'Slight', 'Moderate', 'Extensive', 'Complete'",H (A+E+O),Large water treatment plant,USA,E,Peak Ground Acceleration,,"Yes, median and dispersion factor were given for reconstruction of the curve",Water,FEMA (2020),M,"Yes, bandwidth(s) for curve(s)",earthquake,E_Vuln_PGA,Peak Ground Acceleration,g
Anchored,Yes,RC,E15.1,F + V,"4 - 'Slight', 'Moderate', 'Extensive', 'Complete'",H (A+E+O),Wells,USA,E,Peak Ground Acceleration,,"Yes, median and dispersion factor were given for reconstruction of the curve",Water,FEMA (2020),M,"Yes, bandwidth(s) for curve(s)",earthquake,E_Vuln_PGA,Peak Ground Acceleration,g
"Abestos cement, cast iron, concrete pipelines and prestressed concrete cylinder pipes",Yes,RC,E16.1,V (repair rate),,E,Buried pipelines,"USA, Mexico",E,Peak Ground Velocity,,"Yes, formula available in HAZUS (2020)",Water,O'Rourke and Ayala (1993),M,No,earthquake,E_Vuln_PGV,Peak Ground Velocity,cm/s
"Welded steel, lap-arc welded join type, corrosive soil, 4 to 12 inches in diameter, without seismic design",No,RC,E16.10,V (repair rate),,H(E+O),Buried pipelines,USA,E,Peak Ground Velocity,,"Yes, formula available",Water,Eidinger et al. (2001),R,No,earthquake,E_Vuln_PGV,Peak Ground Velocity,cm/s
"Welded steel, lap-arc welded join type, non-corrosive soil, 4 to 12 inches in diameter, without seismic design",No,RC,E16.11,V (repair rate),,H(E+O),Buried pipelines,USA,E,Peak Ground Velocity,,"Yes, formula available",Water,Eidinger et al. (2001),R,No,earthquake,E_Vuln_PGV,Peak Ground Velocity,cm/s
"Welded steel, lap-arc welded join type, 16 inches in diameter and larger, without seismic design",No,RC,E16.12,V (repair rate),,H(E+O),Buried pipelines,USA,E,Peak Ground Velocity,,"Yes, formula available",Water,Eidinger et al. (2001),R,No,earthquake,E_Vuln_PGV,Peak Ground Velocity,cm/s
"Welded steel, rubber gasket join type, 4 to 12 inches in diameter, without seismic design",No,RC,E16.13,V (repair rate),,H(E+O),Buried pipelines,USA,E,Peak Ground Velocity,,"Yes, formula available",Water,Eidinger et al. (2001),R,No,earthquake,E_Vuln_PGV,Peak Ground Velocity,cm/s
"Welded steel, screwed join type, 4 to 12 inches in diameter, without seismic design",No,RC,E16.14,V (repair rate),,H(E+O),Buried pipelines,USA,E,Peak Ground Velocity,,"Yes, formula available",Water,Eidinger et al. (2001),R,No,earthquake,E_Vuln_PGV,Peak Ground Velocity,cm/s
"Welded steel, riveted join type, 4 to 12 inches in diameter, without seismic design",No,RC,E16.15,V (repair rate),,H(E+O),Buried pipelines,USA,E,Peak Ground Velocity,,"Yes, formula available",Water,Eidinger et al. (2001),R,No,earthquake,E_Vuln_PGV,Peak Ground Velocity,cm/s
"Abestos cement, rubber gasket join type, 4 to 12 inches in diameter, without seismic design",No,RC,E16.16,V (repair rate),,H(E+O),Buried pipelines,USA,E,Peak Ground Velocity,,"Yes, formula available",Water,Eidinger et al. (2001),R,No,earthquake,E_Vuln_PGV,Peak Ground Velocity,cm/s
"Abestos cement, cement joint type, 4 to 12 inches in diameter, without seismic design",No,RC,E16.17,V (repair rate),,H(E+O),Buried pipelines,USA,E,Peak Ground Velocity,,"Yes, formula available",Water,Eidinger et al. (2001),R,No,earthquake,E_Vuln_PGV,Peak Ground Velocity,cm/s
"Concrete with stl. Cyl., lap-arc welded join type, 16 inches in diameter and larger, without seismic design",No,RC,E16.18,V (repair rate),,H(E+O),Buried pipelines,USA,E,Peak Ground Velocity,,"Yes, formula available",Water,Eidinger et al. (2001),R,No,earthquake,E_Vuln_PGV,Peak Ground Velocity,cm/s
"Concrete with stl. Cyl., cement join type, 16 inches in diameter and larger, without seismic design",No,RC,E16.19,V (repair rate),,H(E+O),Buried pipelines,USA,E,Peak Ground Velocity,,"Yes, formula available",Water,Eidinger et al. (2001),R,No,earthquake,E_Vuln_PGV,Peak Ground Velocity,cm/s
"Brittle pipelines: abestos cement, concrete, and cast iron pipes, welded steel pipes with gas-welded joints",Yes,RC,E16.2,V (repair rate),,E,Buried pipelines,USA,E,Peak Ground Velocity,,"Yes, formula available in HAZUS (2020)",Water,FEMA (2020),M,No,earthquake,E_Vuln_PGV,Peak Ground Velocity,cm/s
"Concrete with stl. Cyl., rubber gasket join type, 16 inches in diameter and larger, without seismic design",No,RC,E16.20,V (repair rate),,H(E+O),Buried pipelines,USA,E,Peak Ground Velocity,,"Yes, formula available",Water,Eidinger et al. (2001),R,No,earthquake,E_Vuln_PGV,Peak Ground Velocity,cm/s
"PVC, rubber gasket join type, 4 to 12 inches in diameter, without seismic design",No,RC,E16.21,V (repair rate),,H(E+O),Buried pipelines,USA,E,Peak Ground Velocity,,"Yes, formula available",Water,Eidinger et al. (2001),R,No,earthquake,E_Vuln_PGV,Peak Ground Velocity,cm/s
"Ductile iron, rubber gasket join type, 4 to 12 inches in diameter, without seismic design",No,RC,E16.22,V (repair rate),,H(E+O),Buried pipelines,USA,E,Peak Ground Velocity,,"Yes, formula available",Water,Eidinger et al. (2001),R,No,earthquake,E_Vuln_PGV,Peak Ground Velocity,cm/s
"PVC, continious joint type continuous (i.e., different parts of pipes are connected with each other using glue and heating), diameter 25-500 mm",No,RC,E16.23,V (repair rate),,E,Buried pipelines,China,E,Peak Ground Velocity,,"Yes, formula available",Water,Shih & Chang (2006),C,No,earthquake,E_Vuln_PGV,Peak Ground Velocity,cm/s
"PVC, continious joint type continuous (i.e., different parts of pipes are connected with each other using glue and heating), diameter 25-500 mm",No,RC,E16.24,V (repair rate),,E,Buried pipelines,China,E,Peak Ground Acceleration,,"Yes, formula available",Water,Shih & Chang (2006),C,No,earthquake,E_Vuln_PGA,Peak Ground Acceleration,g
"Ductile pipelines: steel, ductile iron, and PVC, and welded steel pipes with arc-welded joints",Yes,RC,E16.3,V (repair rate),,O,Buried pipelines,USA,E,Peak Ground Velocity,,"Yes, formula available",Water,FEMA (2020),M,No,earthquake,E_Vuln_PGV,Peak Ground Velocity,cm/s
"Ductile mains, None-to-low liquefaction susceptibility class",No,RC,E16.32,V (repair rate),,E,Buried pipelines,New Zealand,E,Modified Mercalli Intensity ,,"Yes, median and dispersion factor were given for reconstruction of the curve",Water,Sadashiva et al. (2021),C,No,earthquake,E_Vuln_MMI,Modified Mercalli Intensity,
"Non-ductile mains, None-to-low liquefaction susceptibility class",No,RC,E16.33,V (repair rate),,E,Buried pipelines,New Zealand,E,Modified Mercalli Intensity ,,"Yes, median and dispersion factor were given for reconstruction of the curve",Water,Sadashiva et al. (2021),C,No,earthquake,E_Vuln_MMI,Modified Mercalli Intensity,
"Non-ductile mains, moderate liquefaction susceptibility class",No,RC,E16.34,V (repair rate),,E,Buried pipelines,New Zealand,E,Modified Mercalli Intensity ,,"Yes, median and dispersion factor were given for reconstruction of the curve",Water,Sadashiva et al. (2021),C,No,earthquake,E_Vuln_MMI,Modified Mercalli Intensity,
"Non-ductile mains, high liquefaction susceptibility class",No,RC,E16.35,V (repair rate),,E,Buried pipelines,New Zealand,E,Modified Mercalli Intensity ,,"Yes, median and dispersion factor were given for reconstruction of the curve",Water,Sadashiva et al. (2021),C,No,earthquake,E_Vuln_MMI,Modified Mercalli Intensity,
"Ductile sub-mains, None-to-low liquefaction susceptibility class",No,RC,E16.36,V (repair rate),,E,Buried pipelines,New Zealand,E,Modified Mercalli Intensity ,,"Yes, median and dispersion factor were given for reconstruction of the curve",Water,Sadashiva et al. (2021),C,No,earthquake,E_Vuln_MMI,Modified Mercalli Intensity,
"Ductile sub-mains, moderate liquefaction susceptibility class",No,RC,E16.37,V (repair rate),,E,Buried pipelines,New Zealand,E,Modified Mercalli Intensity ,,"Yes, median and dispersion factor were given for reconstruction of the curve",Water,Sadashiva et al. (2021),C,No,earthquake,E_Vuln_MMI,Modified Mercalli Intensity,
"Non-ductile sub-mains, None-to-low liquefaction susceptibility class",No,RC,E16.38,V (repair rate),,E,Buried pipelines,New Zealand,E,Modified Mercalli Intensity ,,"Yes, median and dispersion factor were given for reconstruction of the curve",Water,Sadashiva et al. (2021),C,No,earthquake,E_Vuln_MMI,Modified Mercalli Intensity,
"Galvanised iron sub-mains, None-to-low liquefaction susceptibility class",No,RC,E16.39,V (repair rate),,E,Buried pipelines,New Zealand,E,Modified Mercalli Intensity ,,"Yes, median and dispersion factor were given for reconstruction of the curve",Water,Sadashiva et al. (2021),C,No,earthquake,E_Vuln_MMI,Modified Mercalli Intensity,
,No,RC,E16.4,V (repair rate),,H(E+O),Buried pipelines,USA,E,Peak Ground Velocity,,"Yes, formula available",Water,Eidinger et al. (2001),R,No,earthquake,E_Vuln_PGV,Peak Ground Velocity,cm/s
"Cast iron, cement joint type, 4 to 12 inches in diameter, without seismic design",No,RC,E16.5,V (repair rate),,H(E+O),Buried pipelines,USA,E,Peak Ground Velocity,,"Yes, formula available",Water,Eidinger et al. (2001),R,No,earthquake,E_Vuln_PGV,Peak Ground Velocity,cm/s
"Cast iron, cement joint type, corrosive soil, 4 to 12 inches in diameter, without seismic design",No,RC,E16.6,V (repair rate),,H(E+O),Buried pipelines,USA,E,Peak Ground Velocity,,"Yes, formula available",Water,Eidinger et al. (2001),R,No,earthquake,E_Vuln_PGV,Peak Ground Velocity,cm/s
"Cast iron, cement joint type, non-corrosive soil, 4 to 12 inches in diameter, without seismic design",No,RC,E16.7,V (repair rate),,H(E+O),Buried pipelines,USA,E,Peak Ground Velocity,,"Yes, formula available",Water,Eidinger et al. (2001),R,No,earthquake,E_Vuln_PGV,Peak Ground Velocity,cm/s
"Cast iron, rubber gasket joint type, 4 to 12 inches in diameter, without seismic design",No,RC,E16.8,V (repair rate),,H(E+O),Buried pipelines,USA,E,Peak Ground Velocity,,"Yes, formula available",Water,Eidinger et al. (2001),R,No,earthquake,E_Vuln_PGV,Peak Ground Velocity,cm/s
"Welded steel, lap-arc welded join type, 4 to 12 inches in diameter, without seismic design",No,RC,E16.9,V (repair rate),,H(E+O),Buried pipelines,USA,E,Peak Ground Velocity,,"Yes, formula available",Water,Eidinger et al. (2001),R,No,earthquake,E_Vuln_PGV,Peak Ground Velocity,cm/s
Anchored components,Yes,RC,E17.1,F + V,"4 - 'Slight', 'Moderate', 'Extensive', 'Complete'",H (A+E+O),Small pumping plant,USA,E,Peak Ground Acceleration,,"Yes, median and dispersion factor were given for reconstruction of the curve",Water,FEMA (2020),M,"Yes, bandwidth(s) for curve(s)",earthquake,E_Vuln_PGA,Peak Ground Acceleration,g
Unanchored components,Yes,RC,E17.2,F + V,"4 - 'Slight', 'Moderate', 'Extensive', 'Complete'",H (A+E+O),Small pumping plant,USA,E,Peak Ground Acceleration,,"Yes, median and dispersion factor were given for reconstruction of the curve",Water,FEMA (2020),M,"Yes, bandwidth(s) for curve(s)",earthquake,E_Vuln_PGA,Peak Ground Acceleration,g
Anchored components,Yes,RC,E17.3,F + V,"4 - 'Slight', 'Moderate', 'Extensive', 'Complete'",H (A+E+O),Medium/large pumping plant,USA,E,Peak Ground Acceleration,,"Yes, median and dispersion factor were given for reconstruction of the curve",Water,FEMA (2020),M,"Yes, bandwidth(s) for curve(s)",earthquake,E_Vuln_PGA,Peak Ground Acceleration,g
Unanchored components,Yes,RC,E17.4,F + V,"4 - 'Slight', 'Moderate', 'Extensive', 'Complete'",H (A+E+O),Medium/large pumping plant,USA,E,Peak Ground Acceleration,,"Yes, median and dispersion factor were given for reconstruction of the curve",Water,FEMA (2020),M,"Yes, bandwidth(s) for curve(s)",earthquake,E_Vuln_PGA,Peak Ground Acceleration,g
Anchored components,Yes,RC,E18.1,F + V,"4 - 'Slight', 'Moderate', 'Extensive', 'Complete'",H (A+E+O),Small wastewater treatment plant,USA,E,Peak Ground Acceleration,WWTS,"Yes, median and dispersion factor were given for reconstruction of the curve",Waste,FEMA (2020),M,"Yes, bandwidth(s) for curve(s)",earthquake,E_Vuln_PGA,Peak Ground Acceleration,g
Unanchored components,Yes,RC,E18.2,F + V,"4 - 'Slight', 'Moderate', 'Extensive', 'Complete'",H (A+E+O),Small wastewater treatment plant,USA,E,Peak Ground Acceleration,WWT2,"Yes, median and dispersion factor were given for reconstruction of the curve",Waste,FEMA (2020),M,"Yes, bandwidth(s) for curve(s)",earthquake,E_Vuln_PGA,Peak Ground Acceleration,g
Anchored components,Yes,RC,E18.3,F + V,"4 - 'Slight', 'Moderate', 'Extensive', 'Complete'",H (A+E+O),Medium waste water treatment plant,USA,E,Peak Ground Acceleration,WWTM,"Yes, median and dispersion factor were given for reconstruction of the curve",Waste,FEMA (2020),M,"Yes, bandwidth(s) for curve(s)",earthquake,E_Vuln_PGA,Peak Ground Acceleration,g
Unanchored components,Yes,RC,E18.4,F + V,"4 - 'Slight', 'Moderate', 'Extensive', 'Complete'",H (A+E+O),Medium waste water treatment plant,USA,E,Peak Ground Acceleration,WWTM,"Yes, median and dispersion factor were given for reconstruction of the curve",Waste,FEMA (2020),M,"Yes, bandwidth(s) for curve(s)",earthquake,E_Vuln_PGA,Peak Ground Acceleration,g
Anchored components,Yes,RC,E18.5,F + V,"4 - 'Slight', 'Moderate', 'Extensive', 'Complete'",H (A+E+O),Large wastewater treatment plant,USA,E,Peak Ground Acceleration,WWTL,"Yes, median and dispersion factor were given for reconstruction of the curve",Waste,FEMA (2020),M,"Yes, bandwidth(s) for curve(s)",earthquake,E_Vuln_PGA,Peak Ground Acceleration,g
Unanchored components,Yes,RC,E18.6,F + V,"4 - 'Slight', 'Moderate', 'Extensive', 'Complete'",H (A+E+O),Large wastewater treatment plant,USA,E,Peak Ground Acceleration,WWTL,"Yes, median and dispersion factor were given for reconstruction of the curve",Waste,FEMA (2020),M,"Yes, bandwidth(s) for curve(s)",earthquake,E_Vuln_PGA,Peak Ground Acceleration,g
"Brittle pipelines: abestos cement, concrete, and cast iron pipes, welded steel pipes with gas-welded joints",Yes,RC,E19.1,V (repair rate),,E,Sewers & interceptors: buried pipelines,USA,E,Peak Ground Velocity,,"Yes, formula available in HAZUS (2020)",Waste,FEMA (2020),M,No,earthquake,E_Vuln_PGV,Peak Ground Velocity,cm/s
"Cast iron sewer gravity pipes, liquefaction zone 1",No,RC,E19.10,V (faults/km),,E,Sewers & interceptors:Buried pipelines,New Zealand,E,Peak Ground Velocity,,"No, but figure was given. Replicated figure to retrieve datapoints",Waste,Liu et al. (2015),C,No,earthquake,E_Vuln_PGV,Peak Ground Velocity,cm/s
"Cast iron sewer gravity pipes, liquefaction zone 2",No,RC,E19.11,V (faults/km),,E,Sewers & interceptors:Buried pipelines,New Zealand,E,Peak Ground Velocity,,"No, but figure was given. Replicated figure to retrieve datapoints",Waste,Liu et al. (2015),C,No,earthquake,E_Vuln_PGV,Peak Ground Velocity,cm/s
"Cast iron sewer gravity pipes, liquefaction zone 3",No,RC,E19.12,V (faults/km),,E,Sewers & interceptors:Buried pipelines,New Zealand,E,Peak Ground Velocity,,"No, but figure was given. Replicated figure to retrieve datapoints",Waste,Liu et al. (2015),C,No,earthquake,E_Vuln_PGV,Peak Ground Velocity,cm/s
"Cast iron sewer gravity pipes, liquefaction zone 4",No,RC,E19.13,V (faults/km),,E,Sewers & interceptors:Buried pipelines,New Zealand,E,Peak Ground Velocity,,"No, but figure was given. Replicated figure to retrieve datapoints",Waste,Liu et al. (2015),C,No,earthquake,E_Vuln_PGV,Peak Ground Velocity,cm/s
"Cast iron sewer gravity pipes, non-liquefaction zone",No,RC,E19.14,V (faults/km),,E,Sewers & interceptors:Buried pipelines,New Zealand,E,Peak Ground Velocity,,"No, but figure was given. Replicated figure to retrieve datapoints",Waste,Liu et al. (2015),C,No,earthquake,E_Vuln_PGV,Peak Ground Velocity,cm/s
"Concrete sewer gravity pipes, liquefaction zone 0",No,RC,E19.15,V (faults/km),,E,Sewers & interceptors:Buried pipelines,New Zealand,E,Peak Ground Velocity,,"No, but figure was given. Replicated figure to retrieve datapoints",Waste,Liu et al. (2015),C,No,earthquake,E_Vuln_PGV,Peak Ground Velocity,cm/s
"Concrete sewer gravity pipes, liquefaction zone 1",No,RC,E19.16,V (faults/km),,E,Sewers & interceptors:Buried pipelines,New Zealand,E,Peak Ground Velocity,,"No, but figure was given. Replicated figure to retrieve datapoints",Waste,Liu et al. (2015),C,No,earthquake,E_Vuln_PGV,Peak Ground Velocity,cm/s
"Concrete sewer gravity pipes, liquefaction zone 2",No,RC,E19.17,V (faults/km),,E,Sewers & interceptors:Buried pipelines,New Zealand,E,Peak Ground Velocity,,"No, but figure was given. Replicated figure to retrieve datapoints",Waste,Liu et al. (2015),C,No,earthquake,E_Vuln_PGV,Peak Ground Velocity,cm/s
"Concrete sewer gravity pipes, liquefaction zone 3",No,RC,E19.18,V (faults/km),,E,Sewers & interceptors:Buried pipelines,New Zealand,E,Peak Ground Velocity,,"No, but figure was given. Replicated figure to retrieve datapoints",Waste,Liu et al. (2015),C,No,earthquake,E_Vuln_PGV,Peak Ground Velocity,cm/s
"Concrete sewer gravity pipes, liquefaction zone 4",No,RC,E19.19,V (faults/km),,E,Sewers & interceptors:Buried pipelines,New Zealand,E,Peak Ground Velocity,,"No, but figure was given. Replicated figure to retrieve datapoints",Waste,Liu et al. (2015),C,No,earthquake,E_Vuln_PGV,Peak Ground Velocity,cm/s
"Ductile pipelines: steel, ductile iron, and PVC, and welded steel pipes with arc-welded joints",Yes,RC,E19.2,V (repair rate),,O,Sewers & interceptors:Buried pipelines,USA,E,Peak Ground Velocity,,"Yes, formula available",Waste,FEMA (2020),M,No,earthquake,E_Vuln_PGV,Peak Ground Velocity,cm/s
"Concrete sewer gravity pipes, non-liquefaction zone",No,RC,E19.20,V (faults/km),,E,Sewers & interceptors:Buried pipelines,New Zealand,E,Peak Ground Velocity,,"No, but figure was given. Replicated figure to retrieve datapoints",Waste,Liu et al. (2015),C,No,earthquake,E_Vuln_PGV,Peak Ground Velocity,cm/s
"Earthenware sewer gravity pipes, liquefaction zone 0",No,RC,E19.21,V (faults/km),,E,Sewers & interceptors:Buried pipelines,New Zealand,E,Peak Ground Velocity,,"No, but figure was given. Replicated figure to retrieve datapoints",Waste,Liu et al. (2015),C,No,earthquake,E_Vuln_PGV,Peak Ground Velocity,cm/s
"Earthenware sewer gravity pipes, liquefaction zone 1",No,RC,E19.22,V (faults/km),,E,Sewers & interceptors:Buried pipelines,New Zealand,E,Peak Ground Velocity,,"No, but figure was given. Replicated figure to retrieve datapoints",Waste,Liu et al. (2015),C,No,earthquake,E_Vuln_PGV,Peak Ground Velocity,cm/s
"Earthenware sewer gravity pipes, liquefaction zone 2",No,RC,E19.23,V (faults/km),,E,Sewers & interceptors:Buried pipelines,New Zealand,E,Peak Ground Velocity,,"No, but figure was given. Replicated figure to retrieve datapoints",Waste,Liu et al. (2015),C,No,earthquake,E_Vuln_PGV,Peak Ground Velocity,cm/s
"Earthenware sewer gravity pipes, liquefaction zone 3",No,RC,E19.24,V (faults/km),,E,Sewers & interceptors:Buried pipelines,New Zealand,E,Peak Ground Velocity,,"No, but figure was given. Replicated figure to retrieve datapoints",Waste,Liu et al. (2015),C,No,earthquake,E_Vuln_PGV,Peak Ground Velocity,cm/s
"Earthenware sewer gravity pipes, liquefaction zone 4",No,RC,E19.25,V (faults/km),,E,Sewers & interceptors:Buried pipelines,New Zealand,E,Peak Ground Velocity,,"No, but figure was given. Replicated figure to retrieve datapoints",Waste,Liu et al. (2015),C,No,earthquake,E_Vuln_PGV,Peak Ground Velocity,cm/s
"Earthenware sewer gravity pipes, non-liquefaction zone",No,RC,E19.26,V (faults/km),,E,Sewers & interceptors:Buried pipelines,New Zealand,E,Peak Ground Velocity,,"No, but figure was given. Replicated figure to retrieve datapoints",Waste,Liu et al. (2015),C,No,earthquake,E_Vuln_PGV,Peak Ground Velocity,cm/s
"Reinforced concrete rubber ring sewer gravity pipes, liquefaction zone 0",No,RC,E19.27,V (faults/km),,E,Sewers & interceptors:Buried pipelines,New Zealand,E,Peak Ground Velocity,,"No, but figure was given. Replicated figure to retrieve datapoints",Waste,Liu et al. (2015),C,No,earthquake,E_Vuln_PGV,Peak Ground Velocity,cm/s
"Reinforced concrete rubber ring sewer gravity pipes, liquefaction zone 1",No,RC,E19.28,V (faults/km),,E,Sewers & interceptors:Buried pipelines,New Zealand,E,Peak Ground Velocity,,"No, but figure was given. Replicated figure to retrieve datapoints",Waste,Liu et al. (2015),C,No,earthquake,E_Vuln_PGV,Peak Ground Velocity,cm/s
"Reinforced concrete rubber ring sewer gravity pipes, liquefaction zone 2",No,RC,E19.29,V (faults/km),,E,Sewers & interceptors:Buried pipelines,New Zealand,E,Peak Ground Velocity,,"No, but figure was given. Replicated figure to retrieve datapoints",Waste,Liu et al. (2015),C,No,earthquake,E_Vuln_PGV,Peak Ground Velocity,cm/s
"Abestos cement sewer gravity pipes, liquefaction zone 0",No,RC,E19.3,V (faults/km),,E,Sewers & interceptors:Buried pipelines,New Zealand,E,Peak Ground Velocity,,"No, but figure was given. Replicated figure to retrieve datapoints",Waste,Liu et al. (2015),C,No,earthquake,E_Vuln_PGV,Peak Ground Velocity,cm/s
"Reinforced concrete rubber ring sewer gravity pipes, liquefaction zone 3",No,RC,E19.30,V (faults/km),,E,Sewers & interceptors:Buried pipelines,New Zealand,E,Peak Ground Velocity,,"No, but figure was given. Replicated figure to retrieve datapoints",Waste,Liu et al. (2015),C,No,earthquake,E_Vuln_PGV,Peak Ground Velocity,cm/s
"Reinforced concrete rubber ring sewer gravity pipes, liquefaction zone 4",No,RC,E19.31,V (faults/km),,E,Sewers & interceptors:Buried pipelines,New Zealand,E,Peak Ground Velocity,,"No, but figure was given. Replicated figure to retrieve datapoints",Waste,Liu et al. (2015),C,No,earthquake,E_Vuln_PGV,Peak Ground Velocity,cm/s
"Reinforced concrete rubber ring sewer gravity pipes, non-liquefaction zone",No,RC,E19.32,V (faults/km),,E,Sewers & interceptors:Buried pipelines,New Zealand,E,Peak Ground Velocity,,"No, but figure was given. Replicated figure to retrieve datapoints",Waste,Liu et al. (2015),C,No,earthquake,E_Vuln_PGV,Peak Ground Velocity,cm/s
"PVC & PE sewer gravity pipes, liquefaction zone 0",No,RC,E19.33,V (faults/km),,E,Sewers & interceptors:Buried pipelines,New Zealand,E,Peak Ground Velocity,,"No, but figure was given. Replicated figure to retrieve datapoints",Waste,Liu et al. (2015),C,No,earthquake,E_Vuln_PGV,Peak Ground Velocity,cm/s
"PVC & PE sewer gravity pipes, liquefaction zone 1",No,RC,E19.34,V (faults/km),,E,Sewers & interceptors:Buried pipelines,New Zealand,E,Peak Ground Velocity,,"No, but figure was given. Replicated figure to retrieve datapoints",Waste,Liu et al. (2015),C,No,earthquake,E_Vuln_PGV,Peak Ground Velocity,cm/s
"PVC & PE sewer gravity pipes, liquefaction zone 2",No,RC,E19.35,V (faults/km),,E,Sewers & interceptors:Buried pipelines,New Zealand,E,Peak Ground Velocity,,"No, but figure was given. Replicated figure to retrieve datapoints",Waste,Liu et al. (2015),C,No,earthquake,E_Vuln_PGV,Peak Ground Velocity,cm/s
"PVC & PE sewer gravity pipes, liquefaction zone 3",No,RC,E19.36,V (faults/km),,E,Sewers & interceptors:Buried pipelines,New Zealand,E,Peak Ground Velocity,,"No, but figure was given. Replicated figure to retrieve datapoints",Waste,Liu et al. (2015),C,No,earthquake,E_Vuln_PGV,Peak Ground Velocity,cm/s
"PVC & PE sewer gravity pipes, liquefaction zone 4",No,RC,E19.37,V (faults/km),,E,Sewers & interceptors:Buried pipelines,New Zealand,E,Peak Ground Velocity,,"No, but figure was given. Replicated figure to retrieve datapoints",Waste,Liu et al. (2015),C,No,earthquake,E_Vuln_PGV,Peak Ground Velocity,cm/s
"PVC & PE sewer gravity pipes, non-liquefaction zone",No,RC,E19.38,V (faults/km),,E,Sewers & interceptors:Buried pipelines,New Zealand,E,Peak Ground Velocity,,"No, but figure was given. Replicated figure to retrieve datapoints",Waste,Liu et al. (2015),C,No,earthquake,E_Vuln_PGV,Peak Ground Velocity,cm/s
"Sewer pressure pipes, liquefaction zone 0",No,RC,E19.39,V (repair rate),,E,Sewers & interceptors:Buried pipelines,New Zealand,E,Peak Ground Velocity,,"No, but figure was given. Replicated figure to retrieve datapoints",Waste,Liu et al. (2015),C,No,earthquake,E_Vuln_PGV,Peak Ground Velocity,cm/s
"Abestos cement sewer gravity pipes, liquefaction zone 1",No,RC,E19.4,V (faults/km),,E,Sewers & interceptors:Buried pipelines,New Zealand,E,Peak Ground Velocity,,"No, but figure was given. Replicated figure to retrieve datapoints",Waste,Liu et al. (2015),C,No,earthquake,E_Vuln_PGV,Peak Ground Velocity,cm/s
"Sewer pressure pipes, liquefaction zone 1",No,RC,E19.40,V (repair rate),,E,Sewers & interceptors:Buried pipelines,New Zealand,E,Peak Ground Velocity,,"No, but figure was given. Replicated figure to retrieve datapoints",Waste,Liu et al. (2015),C,No,earthquake,E_Vuln_PGV,Peak Ground Velocity,cm/s
"Sewer pressure pipes, liquefaction zone 2",No,RC,E19.41,V (repair rate),,E,Sewers & interceptors:Buried pipelines,New Zealand,E,Peak Ground Velocity,,"No, but figure was given. Replicated figure to retrieve datapoints",Waste,Liu et al. (2015),C,No,earthquake,E_Vuln_PGV,Peak Ground Velocity,cm/s
"Sewer pressure pipes, liquefaction zone 3",No,RC,E19.42,V (repair rate),,E,Sewers & interceptors:Buried pipelines,New Zealand,E,Peak Ground Velocity,,"No, but figure was given. Replicated figure to retrieve datapoints",Waste,Liu et al. (2015),C,No,earthquake,E_Vuln_PGV,Peak Ground Velocity,cm/s
"Sewer pressure pipes, non-liquefaction zone",No,RC,E19.43,V (repair rate),,E,Sewers & interceptors:Buried pipelines,New Zealand,E,Peak Ground Velocity,,"No, but figure was given. Replicated figure to retrieve datapoints",Waste,Liu et al. (2015),C,No,earthquake,E_Vuln_PGV,Peak Ground Velocity,cm/s
"Abestos cement sewer gravity pipes, liquefaction zone 2",No,RC,E19.5,V (faults/km),,E,Sewers & interceptors:Buried pipelines,New Zealand,E,Peak Ground Velocity,,"No, but figure was given. Replicated figure to retrieve datapoints",Waste,Liu et al. (2015),C,No,earthquake,E_Vuln_PGV,Peak Ground Velocity,cm/s
"Abestos cement sewer gravity pipes, liquefaction zone 3",No,RC,E19.6,V (faults/km),,E,Sewers & interceptors:Buried pipelines,New Zealand,E,Peak Ground Velocity,,"No, but figure was given. Replicated figure to retrieve datapoints",Waste,Liu et al. (2015),C,No,earthquake,E_Vuln_PGV,Peak Ground Velocity,cm/s
"Abestos cement sewer gravity pipes, liquefaction zone 4",No,RC,E19.7,V (faults/km),,E,Sewers & interceptors:Buried pipelines,New Zealand,E,Peak Ground Velocity,,"No, but figure was given. Replicated figure to retrieve datapoints",Waste,Liu et al. (2015),C,No,earthquake,E_Vuln_PGV,Peak Ground Velocity,cm/s
"Abestos cement sewer gravity pipes, non-liquefaction zone",No,RC,E19.8,V (faults/km),,E,Sewers & interceptors:Buried pipelines,New Zealand,E,Peak Ground Velocity,,"No, but figure was given. Replicated figure to retrieve datapoints",Waste,Liu et al. (2015),C,No,earthquake,E_Vuln_PGV,Peak Ground Velocity,cm/s
"Cast iron sewer gravity pipes, liquefaction zone 0",No,RC,E19.9,V (faults/km),,E,Sewers & interceptors:Buried pipelines,New Zealand,E,Peak Ground Velocity,,"No, but figure was given. Replicated figure to retrieve datapoints",Waste,Liu et al. (2015),C,No,earthquake,E_Vuln_PGV,Peak Ground Velocity,cm/s
Anchored/seismic components,Yes,RC,E2.1,F + V,"4 - 'Slight', 'Moderate', 'Extensive', 'Complete'",H (A+E+O),"Small substation, low voltage: 34.5-150 kV",USA,E,Peak Ground Acceleration,EPPS,"Yes, median and dispersion factor were given for reconstruction of the curve",Energy,FEMA (2020),M,"Yes, bandwidth(s) for curve(s)",earthquake,E_Vuln_PGA,Peak Ground Acceleration,g
Unanchored/standard components,Yes,RC,E2.2,F + V,"4 - 'Slight', 'Moderate', 'Extensive', 'Complete'",H (A+E+O),"Small substation, low voltage: 34.5-150 kV",USA,E,Peak Ground Acceleration,EPPS,"Yes, median and dispersion factor were given for reconstruction of the curve",Energy,FEMA (2020),M,"Yes, bandwidth(s) for curve(s)",earthquake,E_Vuln_PGA,Peak Ground Acceleration,g
Anchored/seismic components,Yes,RC,E2.3,F + V,"4 - 'Slight', 'Moderate', 'Extensive', 'Complete'",H (A+E+O),"Medium substation, medium voltage: 150-350 kV",USA,E,Peak Ground Acceleration,EPPS,"Yes, median and dispersion factor were given for reconstruction of the curve",Energy,FEMA (2020),M,"Yes, bandwidth(s) for curve(s)",earthquake,E_Vuln_PGA,Peak Ground Acceleration,g
Unanchored/standard components,Yes,RC,E2.4,F + V,"4 - 'Slight', 'Moderate', 'Extensive', 'Complete'",H (A+E+O),"Medium substation, medium voltage: 150-350 kV",USA,E,Peak Ground Acceleration,EPPS,"Yes, median and dispersion factor were given for reconstruction of the curve",Energy,FEMA (2020),M,"Yes, bandwidth(s) for curve(s)",earthquake,E_Vuln_PGA,Peak Ground Acceleration,g
Anchored/seismic components,Yes,RC,E2.5,F + V,"4 - 'Slight', 'Moderate', 'Extensive', 'Complete'",H (A+E+O),"Large substation, high voltage: >350 kV",USA,E,Peak Ground Acceleration,EPPS,"Yes, median and dispersion factor were given for reconstruction of the curve",Energy,FEMA (2020),M,"Yes, bandwidth(s) for curve(s)",earthquake,E_Vuln_PGA,Peak Ground Acceleration,g
Unanchored/standard components,Yes,RC,E2.6,F + V,"4 - 'Slight', 'Moderate', 'Extensive', 'Complete'",H (A+E+O),"Large substation, high voltage: >350 kV",USA,E,Peak Ground Acceleration,EPPS,"Yes, median and dispersion factor were given for reconstruction of the curve",Energy,FEMA (2020),M,"Yes, bandwidth(s) for curve(s)",earthquake,E_Vuln_PGA,Peak Ground Acceleration,g
Anchored components,Yes,RC,E20.1,F + V,"4 - 'Slight', 'Moderate', 'Extensive', 'Complete'",H (A+E+O),Small lift station,USA,E,Peak Ground Acceleration,,"Yes, median and dispersion factor were given for reconstruction of the curve",Waste,FEMA (2020),M,"Yes, bandwidth(s) for curve(s)",earthquake,E_Vuln_PGA,Peak Ground Acceleration,g
Unanchored components,Yes,RC,E20.2,F + V,"4 - 'Slight', 'Moderate', 'Extensive', 'Complete'",H (A+E+O),Small lift station,USA,E,Peak Ground Acceleration,,"Yes, median and dispersion factor were given for reconstruction of the curve",Waste,FEMA (2020),M,"Yes, bandwidth(s) for curve(s)",earthquake,E_Vuln_PGA,Peak Ground Acceleration,g
Anchored components,Yes,RC,E20.3,F + V,"4 - 'Slight', 'Moderate', 'Extensive', 'Complete'",H (A+E+O),Medium/large lift station,USA,E,Peak Ground Acceleration,,"Yes, median and dispersion factor were given for reconstruction of the curve",Waste,FEMA (2020),M,"Yes, bandwidth(s) for curve(s)",earthquake,E_Vuln_PGA,Peak Ground Acceleration,g
Unanchored components,Yes,RC,E20.4,F + V,"4 - 'Slight', 'Moderate', 'Extensive', 'Complete'",H (A+E+O),Medium/large lift station,USA,E,Peak Ground Acceleration,,"Yes, median and dispersion factor were given for reconstruction of the curve",Waste,FEMA (2020),M,"Yes, bandwidth(s) for curve(s)",earthquake,E_Vuln_PGA,Peak Ground Acceleration,g
four-story reinforced concrete shear wall building with moment resisting frames,No,RC,E21.11,F + V,"4 - 'Slight', 'Moderate', 'Extensive', 'Collapse'",A,Educational facilities,Turkey,E,Peak Ground Acceleration,,"Yes, datapoints were given for reconstruction of the curve",Education & Health,Hancilar et al. (2014),P,No,earthquake,E_Vuln_PGA,Peak Ground Acceleration,g
four-story reinforced concrete shear wall building with moment resisting frames,No,RC,E21.12,F + V,"4 - 'Slight', 'Moderate', 'Extensive', 'Collapse'",A,Educational facilities,Turkey,E,Peak Ground Velocity,,"Yes, datapoints were given for reconstruction of the curve",Education & Health,Hancilar et al. (2014),P,No,earthquake,E_Vuln_PGV,Peak Ground Velocity,cm/s
four-story reinforced concrete shear wall building with moment resisting frames,No,RC,E21.13,F + V,"4 - 'Slight', 'Moderate', 'Extensive', 'Collapse'",A,Educational facilities,Turkey,E,Elastic spectral displacement,,"Yes, datapoints were given for reconstruction of the curve",Education & Health,Hancilar et al. (2014),P,No,earthquake,E_Vuln_Sd,Elastic Spectral Displacement,cm
Concrete ,No,RC,E21.18,F + V,"4 - 'Slight', 'Moderate', 'Extensive', 'Collapse'",A,Educational facilities,Iran,E,Spectral acceleration,,"No, but figure was given. Replicated figure to retrieve datapoints",Education & Health,Samadian et al. (2019),P,No,earthquake,E_Vuln_Sa,Spectral acceleration,g
"Near-field (i.e., less than 10 km from the fault)",No,RC,E21.21,F + V,"4 - 'Slight', 'Moderate', 'Extensive', 'Collapse'",A,Hospitals,USA,E,Spectral acceleration,,"No, but figure was given. Replicated figure to retrieve datapoints",Education & Health,Ranjbar & Naderpour (2020),P,No,earthquake,E_Vuln_Sa,Spectral acceleration,g
"Far-field (i.e., equal or greater than 10 km from the fault)",No,RC,E21.22,F + V,"4 - 'Slight', 'Moderate', 'Extensive', 'Collapse'",A,Hospitals,USA,E,Spectral acceleration,,"No, but figure was given. Replicated figure to retrieve datapoints",Education & Health,Ranjbar & Naderpour (2020),P,No,earthquake,E_Vuln_Sa,Spectral acceleration,g
Anchored/seismic components,No,RC,E4.1,F + V,"4 - 'Slight', 'Moderate', 'Extensive', 'Complete'",H (A+E+O),Power pole,USA,E,Peak Ground Acceleration,EDC,"Yes, median and dispersion factor were given for reconstruction of the curve",Energy,FEMA (2020),M,"Yes, bandwidth(s) for curve(s)",earthquake,E_Vuln_PGA,Peak Ground Acceleration,g
Unanchored/standard components,No,RC,E4.2,F + V,"4 - 'Slight', 'Moderate', 'Extensive', 'Complete'",H (A+E+O),Power pole,USA,E,Peak Ground Acceleration,EDC,"Yes, median and dispersion factor were given for reconstruction of the curve",Energy,FEMA (2020),M,"Yes, bandwidth(s) for curve(s)",earthquake,E_Vuln_PGA,Peak Ground Acceleration,g
Anchored/seismic components,No,RC,E5.1,F + V,"4 - 'Slight', 'Moderate', 'Extensive', 'Complete'",H (A+E+O),Distribution circuit,USA,E,Peak Ground Acceleration,EDC,"Yes, median and dispersion factor were given for reconstruction of the curve",Energy,FEMA (2020),M,"Yes, bandwidth(s) for curve(s)",earthquake,E_Vuln_PGA,Peak Ground Acceleration,g
Unanchored/standard components,No,RC,E5.2,F + V,"4 - 'Slight', 'Moderate', 'Extensive', 'Complete'",H (A+E+O),Distribution circuit,USA,E,Peak Ground Acceleration,EDC,"Yes, median and dispersion factor were given for reconstruction of the curve",Energy,FEMA (2020),M,"Yes, bandwidth(s) for curve(s)",earthquake,E_Vuln_PGA,Peak Ground Acceleration,g
Anchored/seismic components,No,RC,E6.1,F + V,"4 - 'Slight', 'Moderate', 'Extensive', 'Complete'",H (A+E+O),Distribution circuit,USA,E,Peak Ground Acceleration,EDC,"Yes, median and dispersion factor were given for reconstruction of the curve",Energy,FEMA (2020),M,"Yes, bandwidth(s) for curve(s)",earthquake,E_Vuln_PGA,Peak Ground Acceleration,g
Unanchored/standard components,No,RC,E6.2,F + V,"4 - 'Slight', 'Moderate', 'Extensive', 'Complete'",H (A+E+O),Distribution circuit,USA,E,Peak Ground Acceleration,EDC,"Yes, median and dispersion factor were given for reconstruction of the curve",Energy,FEMA (2020),M,"Yes, bandwidth(s) for curve(s)",earthquake,E_Vuln_PGA,Peak Ground Acceleration,g
"In mountainous regions in rural areas, embankment heights of 5-10 m",No,RC,E7.11,V (repair rate),,E,Expressway,Japan,E,Peak Ground Velocity,Damage ratio (all),"No, but figure was given. Replicated figure to retrieve datapoints",Transportation,Maruyama et al. (2010),P,No,earthquake,E_Vuln_PGV,Peak Ground Velocity,cm/s
Anchored components with backup power,Yes,RC,E8.1,F + V,"4 - 'Slight', 'Moderate', 'Extensive', 'Complete'",H (A+E+O),Fuel facility,USA,E,Peak Ground Acceleration,RFF,"Yes, median and dispersion factor were given for reconstruction of the curve",Transportation,FEMA (2020),M,"Yes, bandwidth(s) for curve(s)",earthquake,E_Vuln_PGA,Peak Ground Acceleration,g
Unanchored components,Yes,RC,E8.10,F + V,"4 - 'Slight', 'Moderate', 'Extensive', 'Complete'",H (A+E+O),Light rail DC power substation,USA,E,Peak Ground Acceleration,LDC,"Yes, median and dispersion factor were given for reconstruction of the curve",Transportation,FEMA (2020),M,"Yes, bandwidth(s) for curve(s)",earthquake,E_Vuln_PGA,Peak Ground Acceleration,g
Anchored components w/o backup power,Yes,RC,E8.2,F + V,"4 - 'Slight', 'Moderate', 'Extensive', 'Complete'",H (A+E+O),Fuel facility,USA,E,Peak Ground Acceleration,RFF,"Yes, median and dispersion factor were given for reconstruction of the curve",Transportation,FEMA (2020),M,"Yes, bandwidth(s) for curve(s)",earthquake,E_Vuln_PGA,Peak Ground Acceleration,g
Unanchored components with backup power,Yes,RC,E8.3,F + V,"4 - 'Slight', 'Moderate', 'Extensive', 'Complete'",H (A+E+O),Fuel facility,USA,E,Peak Ground Acceleration,RFF,"Yes, median and dispersion factor were given for reconstruction of the curve",Transportation,FEMA (2020),M,"Yes, bandwidth(s) for curve(s)",earthquake,E_Vuln_PGA,Peak Ground Acceleration,g
Unanchored components w/o backup power,Yes,RC,E8.4,F + V,"4 - 'Slight', 'Moderate', 'Extensive', 'Complete'",H (A+E+O),Fuel facility,USA,E,Peak Ground Acceleration,RFF,"Yes, median and dispersion factor were given for reconstruction of the curve",Transportation,FEMA (2020),M,"Yes, bandwidth(s) for curve(s)",earthquake,E_Vuln_PGA,Peak Ground Acceleration,g
Anchored components with backup power,Yes,RC,E8.5,F + V,"4 - 'Slight', 'Moderate', 'Extensive', 'Complete'",H (A+E+O),Dispatch facility,USA,E,Peak Ground Acceleration,RDF,"Yes, median and dispersion factor were given for reconstruction of the curve",Transportation,FEMA (2020),M,"Yes, bandwidth(s) for curve(s)",earthquake,E_Vuln_PGA,Peak Ground Acceleration,g
Anchored components w/o backup power,Yes,RC,E8.6,F + V,"4 - 'Slight', 'Moderate', 'Extensive', 'Complete'",H (A+E+O),Dispatch facility,USA,E,Peak Ground Acceleration,RDF,"Yes, median and dispersion factor were given for reconstruction of the curve",Transportation,FEMA (2020),M,"Yes, bandwidth(s) for curve(s)",earthquake,E_Vuln_PGA,Peak Ground Acceleration,g
Unanchored components with backup power,Yes,RC,E8.7,F + V,"4 - 'Slight', 'Moderate', 'Extensive', 'Complete'",H (A+E+O),Dispatch facility,USA,E,Peak Ground Acceleration,RDF,"Yes, median and dispersion factor were given for reconstruction of the curve",Transportation,FEMA (2020),M,"Yes, bandwidth(s) for curve(s)",earthquake,E_Vuln_PGA,Peak Ground Acceleration,g
Unanchored components w/o backup power,Yes,RC,E8.8,F + V,"4 - 'Slight', 'Moderate', 'Extensive', 'Complete'",H (A+E+O),Dispatch facility,USA,E,Peak Ground Acceleration,RDF,"Yes, median and dispersion factor were given for reconstruction of the curve",Transportation,FEMA (2020),M,"Yes, bandwidth(s) for curve(s)",earthquake,E_Vuln_PGA,Peak Ground Acceleration,g
Anchored components,Yes,RC,E8.9,F + V,"4 - 'Slight', 'Moderate', 'Extensive', 'Complete'",H (A+E+O),Light rail DC power substation,USA,E,Peak Ground Acceleration,LDC,"Yes, median and dispersion factor were given for reconstruction of the curve",Transportation,FEMA (2020),M,"Yes, bandwidth(s) for curve(s)",earthquake,E_Vuln_PGA,Peak Ground Acceleration,g
Anchored components with backup power,Yes,RC,E9.1,F + V,"4 - 'Slight', 'Moderate', 'Extensive', 'Complete'",H (A+E+O),Fuel facility,USA,E,Peak Ground Acceleration,RFF,"Yes, median and dispersion factor were given for reconstruction of the curve",Transportation,FEMA (2020),M,"Yes, bandwidth(s) for curve(s)",earthquake,E_Vuln_PGA,Peak Ground Acceleration,g
Anchored components w/o backup power,Yes,RC,E9.2,F + V,"4 - 'Slight', 'Moderate', 'Extensive', 'Complete'",H (A+E+O),Fuel facility,USA,E,Peak Ground Acceleration,RFF,"Yes, median and dispersion factor were given for reconstruction of the curve",Transportation,FEMA (2020),M,"Yes, bandwidth(s) for curve(s)",earthquake,E_Vuln_PGA,Peak Ground Acceleration,g
Unanchored components with backup power,Yes,RC,E9.3,F + V,"4 - 'Slight', 'Moderate', 'Extensive', 'Complete'",H (A+E+O),Fuel facility,USA,E,Peak Ground Acceleration,RFF,"Yes, median and dispersion factor were given for reconstruction of the curve",Transportation,FEMA (2020),M,"Yes, bandwidth(s) for curve(s)",earthquake,E_Vuln_PGA,Peak Ground Acceleration,g
Unanchored components w/o backup power,Yes,RC,E9.4,F + V,"4 - 'Slight', 'Moderate', 'Extensive', 'Complete'",H (A+E+O),Fuel facility,USA,E,Peak Ground Acceleration,RFF,"Yes, median and dispersion factor were given for reconstruction of the curve",Transportation,FEMA (2020),M,"Yes, bandwidth(s) for curve(s)",earthquake,E_Vuln_PGA,Peak Ground Acceleration,g
Assumes electrical switch gear is located 91.4 cm above grade. Support facilities damaged on ground level; Control and generation facilities damaged when water elevation reaches 2nd level; functionality threshold depth at 121.9 cm.,Yes,RC,F1.1,V,,H (A+E+O),"Small power plants, capacity <100 MW",USA,F,Inundation,EPPS,"Yes, datapoints were given for reconstruction of the curve",Energy,FEMA (2013),M,No,flood,F_Vuln_Depth,Depth,m
Assumes electrical switch gear is located 91.4 cm above grade; functionality threshold depth at 121.9 cm.,Yes,RC,F1.2,V,,H (A+E+O),"Medium power plants, capacity 100-500 MW",USA,F,Inundation,EPPM,"Yes, datapoints were given for reconstruction of the curve",Energy,FEMA (2013),M,No,flood,F_Vuln_Depth,Depth,m
Assumes electrical switch gear is located 91.4 cm above grade; functionality threshold depth at 121.9 cm.,Yes,RC,F1.3,V,,H (A+E+O),"Large power plants, >500 MW",USA,F,Inundation,EPPL,"Yes, datapoints were given for reconstruction of the curve",Energy,FEMA (2013),M,No,flood,F_Vuln_Depth,Depth,m
"Coal, gas or oil",No,RC ,F1.4,V,,O,Thermal plant,Global,F,Inundation,N/A; Based on FEMA (2020) anchored Large substations. But with LOWER vulnerability for global application,"Yes, datapoints were given for reconstruction of the curve",Energy,Miyamoto International (2019),M,No,flood,F_Vuln_Depth,Depth,m
,No,RC ,F1.5,V,,O,Wind turbine,Global,F,Inundation,N/A; Based on FEMA (2020) anchored Large substations. But with LOWER vulnerability for global application,"Yes, datapoints were given for reconstruction of the curve",Energy,Miyamoto International (2019),M,No,flood,F_Vuln_Depth,Depth,m
,Yes,RC,F1.6,V,,H(E+O),Wind turbine,Belgium,F,Inundation,N/A; also used for F12.1 (communication tower),"Yes, formula available",Energy,Vanneuville et al. (2006),R,No,flood,F_Vuln_Depth,Depth,m
,No,RC,F1.7,V,,H(E+O),Wind turbine,"Schleswig-Holstein, Germany",F,Inundation,,"No, but figure was given. Replicated figure to retrieve datapoints",Energy,Meyer & Messner (2005),R,No,flood,F_Vuln_Depth,Depth,m
,Yes,RC,F10.1,V,,H(E+O),Communication tower,Belgium,F,Inundation,N/A; also used for wind turbines,"Yes, formula available",Telecommunication,Vanneuville et al. (2006),R,No,flood,F_Vuln_Depth,Depth,m
Generalized curve for  telecom assets in diked areas,No,RC,F12.1,V,,H(E+O),Communication system,Netherlands,F,Inundation,Damagefunction 6; also used for energy system,"Yes, formula available for reconstruction of curve",Telecommunication,Kok et al. (2005),R,No,flood,F_Vuln_Depth,Depth,m
"Capacity: 1.9-7.6 million L/day; Assumes that the tank bottom is at grade, and that the water level in the tank exceeds the flood depth (so the tank will not float)",Yes,RC,F13.1,V,,H (A+E+O),Water storage tanks at grade concrete,USA,F,Inundation,PSTGC,"Yes, datapoints were given for reconstruction of the curve",Water,FEMA (2013),M,No,flood,F_Vuln_Depth,Depth,m
Capacity: 1.9-7.6 million L/day,Yes,RC,F13.2,V,,H (A+E+O),Water storage tanks at grade steel,USA,F,Inundation,PSTGS,"Yes, datapoints were given for reconstruction of the curve",Water,FEMA (2013),M,No,flood,F_Vuln_Depth,Depth,m
Capacity: 1.9-7.6 million L/day,Yes,RC,F13.3,V,,H (A+E+O),Water storage tanks at grade wood,USA,F,Inundation,PSTGW,"Yes, datapoints were given for reconstruction of the curve",Water,FEMA (2013),M,No,flood,F_Vuln_Depth,Depth,m
Capacity: 1.9-7.6 million L/day; Assumes that the tank foundations are not damaged,Yes,RC,F13.4,V,,H (A+E+O),Water storage tanks elevated,USA,F,Inundation,PSTAS,"Yes, datapoints were given for reconstruction of the curve",Water,FEMA (2013),M,No,flood,F_Vuln_Depth,Depth,m
"Capacity: 1.9-7.6 million L/day; Assumes that the tank vent is 91.4 cm above grade, and that cleanup will be required",Yes,RC,F13.5,V,,H (A+E+O),Water storage tanks below grade (all),USA,F,Inundation,PSTBC,"Yes, datapoints were given for reconstruction of the curve",Water,FEMA (2013),M,No,flood,F_Vuln_Depth,Depth,m
"Capacity of 38-189  million L/day. Cleanup, repair of small motors, buried conduits, and transformers required when flood level exceeds ground level. Clean and repair of major electrical equipment initiated when flood level exceeds 91.4 cm. ",Yes,RC,F14.1,V,,H (A+E+O),Small water treatment plants open/gravity,USA,F,Inundation,PWTS,"Yes, datapoints were given for reconstruction of the curve",Water,FEMA (2013),M,No,flood,F_Vuln_Depth,Depth,m
Capacity above 38 million L/day. Below average flood design - more than average damage,Yes,RC,F14.10,V,,H (A+E+O),"small, medium and large water treatment plants closed/pressure",USA,F,Inundation,PWTL,"Yes, datapoints were given for reconstruction of the curve",Water,FEMA (2013),M,No,flood,F_Vuln_Depth,Depth,m
"Capacity of 189-757 million L/day. Cleanup, repair of small motors, buried conduits, and transformers required when flood level exceeds ground level. Clean and repair of major electrical equipment initiated when flood level exceeds 91.4 cm. ",Yes,RC,F14.2,V,,H (A+E+O),Medium water treatment plants open/gravity,USA,F,Inundation,PWTM,"Yes, datapoints were given for reconstruction of the curve",Water,FEMA (2013),M,No,flood,F_Vuln_Depth,Depth,m
"Capacity above 757 million L/day. Cleanup, repair of small motors, buried conduits, and transformers required when flood level exceeds ground level. Clean and repair of major electrical equipment initiated when flood level exceeds 91.4 cm. ",Yes,RC,F14.3,V,,H (A+E+O),Large water treatment plants open/gravity,USA,F,Inundation,PWTL,"Yes, datapoints were given for reconstruction of the curve",Water,FEMA (2013),M,No,flood,F_Vuln_Depth,Depth,m
Above average flood design - less than average damage. Capacity above 38 million L/day. ,Yes,RC,F14.4,V,,H (A+E+O),"small, medium and large water treatment plants open/gravity",USA,F,Inundation,PWTL,"Yes, datapoints were given for reconstruction of the curve",Water,FEMA (2013),M,No,flood,F_Vuln_Depth,Depth,m
Below average flood design - more than average damage. Capacity above 38 million L/day.,Yes,RC,F14.5,V,,H (A+E+O),"small, medium and large water treatment plants open/gravity",USA,F,Inundation,PWTL,"Yes, datapoints were given for reconstruction of the curve",Water,FEMA (2013),M,No,flood,F_Vuln_Depth,Depth,m
Capacity of 38-189 million L/day. Assumes all equipment raised 91.4 cm above ground level. Mechanical/electrical equipment represents a greater percentage of the plant value than for the open design,Yes,RC,F14.6,V,,H (A+E+O),Small water treatment plants closed/pressure,USA,F,Inundation,PWTS,"Yes, datapoints were given for reconstruction of the curve",Water,FEMA (2013),M,No,flood,F_Vuln_Depth,Depth,m
Capacity of 189-757 million L/day. Assumes all equipment raised 91.4 cm above ground level. Mechanical/electrical equipment represents a greater percentage of the plant value than for the open design,Yes,RC,F14.7,V,,H (A+E+O),Medium water treatment plants closed/pressure,USA,F,Inundation,PWTM,"Yes, datapoints were given for reconstruction of the curve",Water,FEMA (2013),M,No,flood,F_Vuln_Depth,Depth,m
Capacity above 757 million L/day. Assumes all equipment raised 91.4 cm above ground level. Mechanical/electrical equipment represents a greater percentage of the plant value than for the open design,Yes,RC,F14.8,V,,H (A+E+O),Large water treatment plants closed/pressure,USA,F,Inundation,PWTL,"Yes, datapoints were given for reconstruction of the curve",Water,FEMA (2013),M,No,flood,F_Vuln_Depth,Depth,m
Capacity above 38 million L/day. Above average flood design - less than average damage,Yes,RC,F14.9,V,,H (A+E+O),"small, medium and large plants closed/pressure",USA,F,Inundation,PWTL,"Yes, datapoints were given for reconstruction of the curve",Water,FEMA (2013),M,No,flood,F_Vuln_Depth,Depth,m
"Assumes that electrical equipment and well vent/openings are 91.4 cm above grade, and that the well is not permemanty contaminated",Yes,RC,F15.1,V,,H (A+E+O),"Wells, capacity between 3.8 and 18.9 million L/day",USA,F,Inundation,PWE,"Yes, datapoints were given for reconstruction of the curve",Water,FEMA (2013),M,No,flood,F_Vuln_Depth,Depth,m
No damage expected from submergence,No,RC,F16.1,V,,H (A+E+O),Exposed transmission pipeline crossing,USA,F,Inundation,PWP,"Yes, datapoints were given for reconstruction of the curve",Water,FEMA (2013),M,No,flood,F_Vuln_Depth,Depth,m
No damage expected from submergence,No,RC,F16.2,V,,H (A+E+O),Buried transmission pipeline crossing,USA,F,Inundation,PWP,"Yes, datapoints were given for reconstruction of the curve",Water,FEMA (2013),M,No,flood,F_Vuln_Depth,Depth,m
No damage expected from submergence,No,RC,F16.3,V,,H (A+E+O),Pipelines (non-crossing),USA,F,Inundation,PWP,"Yes, datapoints were given for reconstruction of the curve",Water,FEMA (2013),M,No,flood,F_Vuln_Depth,Depth,m
"A capacity of lower than 38 million L/day. Assumes entrance is 91.4 cm above ground level and is not sealed. Assumes all eletrical equipment is below grade. Once entrance level exceeded, entire pump station floods",Yes,RC,F17.1,V,,H (A+E+O),Pumping plants (small) below grade,USA,F,Inundation,PPPS,"Yes, datapoints were given for reconstruction of the curve",Water,FEMA (2013),M,No,flood,F_Vuln_Depth,Depth,m
"A capacity above 38 million L/day. Assumes entrance is 91.4 cm above ground level and is not sealed. Assumes all eletrical equipment is below grade. Once entrance level exceeded, entire pump station floods",Yes,RC,F17.2,V,,H (A+E+O),Pumping plants (medium/large) below grade,USA,F,Inundation,PPPM/PPPL,"Yes, datapoints were given for reconstruction of the curve",Water,FEMA (2013),M,No,flood,F_Vuln_Depth,Depth,m
A capacity of lower than 38 million L/day. Assumes all equipment raised 91.4 cm above ground level.,Yes,RC,F17.3,V,,H (A+E+O),Pumping plants (small) above grade,USA,F,Inundation,PPPS,"Yes, datapoints were given for reconstruction of the curve",Water,FEMA (2013),M,No,flood,F_Vuln_Depth,Depth,m
A capacity above 38 million L/day. Assumes all equipment raised 91.4 cm above ground level.,Yes,RC,F17.4,V,,H (A+E+O),Pumping plants (medium/large) above grade,USA,F,Inundation,PPPM/PPPL,"Yes, datapoints were given for reconstruction of the curve",Water,FEMA (2013),M,No,flood,F_Vuln_Depth,Depth,m
Capacity greater than 518.4 L/d; in diked areas,Yes,RC,F17.5,V,,H(E+O),Pumping plants,Netherlands,F,Inundation,Damagefunction 2,"Yes, formula available for reconstruction of curve",Water,Kok et al. (2005),R,"Yes, in costs",flood,F_Vuln_Depth,Depth,m
"Assumes entrance is at grade, and is not sealed",Yes,RC,F17.6,V,,H (A+E+O),Control vaults and stations,USA,F,Inundation,PCVS,"Yes, datapoints were given for reconstruction of the curve",Water,FEMA (2013),M,No,flood,F_Vuln_Depth,Depth,m
"Capacity lower than 189 million L/d. Cleanup, repair of small motors, buried conduits, and transformers required when flood level exceeds ground level. Clean and repair of major electrical equipment initiated when flood level exceeds 91.4 cm. ",Yes,RC,F18.1,V,,H (A+E+O),Small wastewater treatment plants,USA,F,Inundation,WWTS,"Yes, datapoints were given for reconstruction of the curve",Waste,FEMA (2013),M,No,flood,F_Vuln_Depth,Depth,m
"Capacity 189-757 million L/d. Cleanup, repair of small motors, buried conduits, and transformers required when flood level exceeds ground level. Clean and repair of major electrical equipment initiated when flood level exceeds 91.4 cm. ",Yes,RC,F18.2,V,,H (A+E+O),Medium wastewater treatment plants,USA,F,Inundation,WWTM,"Yes, datapoints were given for reconstruction of the curve",Waste,FEMA (2013),M,No,flood,F_Vuln_Depth,Depth,m
"Capacity more than 757 million L/d. Cleanup, repair of small motors, buried conduits, and transformers required when flood level exceeds ground level. Clean and repair of major electrical equipment initiated when flood level exceeds 91.4 cm. ",Yes,RC,F18.3,V,,H (A+E+O),Large wastewater treatment plants,USA,F,Inundation,WWTL,"Yes, datapoints were given for reconstruction of the curve",Waste,FEMA (2013),M,No,flood,F_Vuln_Depth,Depth,m
Less than average damage,Yes,RC,F18.4,V,,H (A+E+O),"Small, medium, large wastewater treatment plants",USA,F,Inundation,WWT,"Yes, datapoints were given for reconstruction of the curve",Waste,FEMA (2013),M,No,flood,F_Vuln_Depth,Depth,m
More than average damage,Yes,RC,F18.5,V,,H (A+E+O),"Small, medium, large wastewater treatment plants",USA,F,Inundation,WWT,"Yes, datapoints were given for reconstruction of the curve",Waste,FEMA (2013),M,No,flood,F_Vuln_Depth,Depth,m
WWTPs in diked areas,Yes,RC,F18.6,V,,H(E+O),Wastewater treatment plant,Netherlands,F,Inundation,Damagefunction 5,"Yes, formula available for reconstruction of curve",Waste,Kok et al. (2005),R,"Yes, in costs",flood,F_Vuln_Depth,Depth,m
No damage expected from submergence,No,RC,F19.1,V,,H (A+E+O),Sewers & Interceptors: Exposed collector river crossings,USA,F,Inundation,WWP,"Yes, datapoints were given for reconstruction of the curve",Waste,FEMA (2013),M,No,flood,F_Vuln_Depth,Depth,m
No damage expected from submergence,No,RC,F19.2,V,,H (A+E+O),Sewers & Interceptors: Buried collector river crossings,USA,F,Inundation,WWP,"Yes, datapoints were given for reconstruction of the curve",Waste,FEMA (2013),M,No,flood,F_Vuln_Depth,Depth,m
,No,RC,F19.3,V,,H (A+E+O),Sewers & Interceptors: Pipes (non-crossings),USA,F,Inundation,WWP,"Yes, datapoints were given for reconstruction of the curve",Waste,FEMA (2013),M,No,flood,F_Vuln_Depth,Depth,m
"Assumes electrical switch gear is located 91.4 cm above grade; functionality threshold depth at 121.9 cm; control room damaged starting at 0 cm, and maximized at 213.4 cm. Additional damage to cabling and incidental damage to transformers and switchgear. ",Yes,RC,F2.1,V,,H (A+E+O),"Small substation, low voltage: 34.5-150 kV",USA,F,Inundation,ESSL,"Yes, datapoints were given for reconstruction of the curve",Energy,FEMA (2013),M,No,flood,F_Vuln_Depth,Depth,m
"Assumes electrical switch gear is located 91.4 cm above grade; functionality threshold depth at 121.9 cm; control room damaged starting at 0 cm, and maximized at 213.4 cm. Additional damage to cabling and incidental damage to transformers and switchgear. ",Yes,RC,F2.2,V,,H (A+E+O),"Medium substation, medium voltage: 150-350 kV",USA,F,Inundation,ESSM,"Yes, datapoints were given for reconstruction of the curve",Energy,FEMA (2013),M,No,flood,F_Vuln_Depth,Depth,m
"Assumes electrical switch gear is located 91.4 cm above grade; functionality threshold depth at 121.9 cm; control room damaged starting at 0 cm, and maximized at 213.4 cm. Additional damage to cabling and incidental damage to transformers and switchgear. ",Yes,RC,F2.3,V,,H (A+E+O),"Large substation, high voltage: >350 kV",USA,F,Inundation,ESSH,"Yes, datapoints were given for reconstruction of the curve",Energy,FEMA (2013),M,No,flood,F_Vuln_Depth,Depth,m
"Assumes entrance is at grade, and is not sealed",Yes,RC,F20.1,V,,H (A+E+O),Control vaults and control stations,USA,F,Inundation,WWCV,"Yes, datapoints were given for reconstruction of the curve",Waste,FEMA (2013),M,No,flood,F_Vuln_Depth,Depth,m
"Assumes entrance is at grade, and is nat sealed. Assumes all eletrical equipment is below grade. Once entrance level exceeded, entire pump station floods; Capacity <38 million L/d",Yes,RC,F20.2,V,,H (A+E+O),"Lift stations: lift station (small), wet well/dry well",USA,F,Inundation,WLSS,"Yes, datapoints were given for reconstruction of the curve",Waste,FEMA (2013),M,No,flood,F_Vuln_Depth,Depth,m
"Assumes entrance is at grade, and is nat sealed. Assumes all eletrical equipment is below grade. Once entrance level exceeded, entire pump station floods; capacity medium: 38-189 million L/d, or large: >189 L/d",Yes,RC,F20.3,V,,H (A+E+O),"Lift stations: lift station (medium large), wet well/dry well",USA,F,Inundation,WLSM/WLSL,"Yes, datapoints were given for reconstruction of the curve",Waste,FEMA (2013),M,No,flood,F_Vuln_Depth,Depth,m
"Assumes entrance is at grade, and is nat sealed. Assumes all eletrical equipment is below grade. Once entrance level exceeded, entire pump station floods. Damage limitied to only eletrical equipment, not harming submersible pumps; Capacity <38 million L/d",Yes,RC,F20.4,V,,H (A+E+O),"Lift stations: lift station (small), submersible",USA,F,Inundation,WLSS,"Yes, datapoints were given for reconstruction of the curve",Waste,FEMA (2013),M,No,flood,F_Vuln_Depth,Depth,m
"Assumes entrance is at grade, and is nat sealed. Assumes all eletrical equipment is below grade. Once entrance level exceeded, entire pump station floods. Damage limitied to only eletrical equipment, not harming submersible pumps; capacity medium: 38-189 million L/d, or large: >189 L/d",Yes,RC,F20.5,V,,H (A+E+O),"Lift stations: lift station (medium large), submersible",USA,F,Inundation,WLSM/WLSL,"Yes, datapoints were given for reconstruction of the curve",Waste,FEMA (2013),M,No,flood,F_Vuln_Depth,Depth,m
"Generalized curve for commercial buildings, which also includes schools and hospitals",Yes,RC,F21.1,V,,H(E+O),Education and health,Europe,F,Inundation,,"Yes, datapoints were given for reconstruction of the curve",Education & Health,Huizinga et al. (2017),M,No,flood,F_Vuln_Depth,Depth,m
Generalized curve for buildings,Yes,RC,F21.10,V,,H(E+O),School buildings,Belgium,F,Inundation,,"Yes, formula available",Education & Health,Vanneuville et al. (2006),R,No,flood,F_Vuln_Depth,Depth,m
,Yes,AC,F21.11,V,,H(E+O),School buildings,"Taipei, Taiwan",F,Inundation,"Cultural, School","No, but figure was given. Replicated figure to retrieve datapoints",Education & Health,Djordjević (2014),R,No,flood,F_Vuln_Depth,Depth,m
,Yes,AC,F21.12,V,,H(E+O),Health facilities,"Châtelaillon-Plage, France",F,Inundation,Health,"No, but figure was given. Replicated figure to retrieve datapoints",Education & Health,Batica et al. (2018),P,No,flood,F_Vuln_Depth,Depth,m
,Yes,AC,F21.13,V,,H(E+O),Educational facilities,"Châtelaillon-Plage, France",F,Inundation,Education,"No, but figure was given. Replicated figure to retrieve datapoints",Education & Health,Batica et al. (2018),P,No,flood,F_Vuln_Depth,Depth,m
"Generalized curve for commercial buildings, which also includes schools and hospitals",Yes,RC,F21.2,V,,H(E+O),Education and health,North America,F,Inundation,,"Yes, datapoints were given for reconstruction of the curve",Education & Health,Huizinga et al. (2017),M,No,flood,F_Vuln_Depth,Depth,m
"Generalized curve for commercial buildings, which also includes schools and hospitals",Yes,RC,F21.3,V,,H(E+O),Education and health,"Central America, South America",F,Inundation,,"Yes, datapoints were given for reconstruction of the curve",Education & Health,Huizinga et al. (2017),M,"Yes, bandwidth(s) for curve(s)",flood,F_Vuln_Depth,Depth,m
"Generalized curve for commercial buildings, which also includes schools and hospitals",Yes,RC,F21.4,V,,H(E+O),Education and health,Asia,F,Inundation,,"Yes, datapoints were given for reconstruction of the curve",Education & Health,Huizinga et al. (2017),M,"Yes, bandwidth(s) for curve(s)",flood,F_Vuln_Depth,Depth,m
"Generalized curve for commercial buildings, which also includes schools and hospitals",Yes,RC,F21.5,V,,H(E+O),Education and health,Oceania,F,Inundation,,"Yes, datapoints were given for reconstruction of the curve",Education & Health,Huizinga et al. (2017),M,"Yes, bandwidth(s) for curve(s)",flood,F_Vuln_Depth,Depth,m
"Generalized curve for commercial buildings, which also includes schools and hospitals",Yes,RC,F21.6,V,,H(E+O),Education and health,Global,F,Inundation,,"Yes, datapoints were given for reconstruction of the curve",Education & Health,Huizinga et al. (2017),M,No,flood,F_Vuln_Depth,Depth,m
Generalized curve for companies (incl. government) in diked areas,Yes,RC,F21.7,V,,H(E+O),School buildings,Netherlands,F,Inundation,Damagefunction 7,"Yes, formula available for reconstruction of curve",Education & Health,Kok et al. (2005),R,No,flood,F_Vuln_Depth,Depth,m
Generalized curve for offices in diked areas,Yes,RC,F21.8,V,,H(E+O),Education and health,Netherlands,F,Inundation,,"No, but figure was given. Replicated figure to retrieve datapoints",Education & Health,Bruijn et al. (2015),R,No,flood,F_Vuln_Depth,Depth,m
Generalized function for industry,Yes,RC,F21.9,V,,H(E+O),Hospitals,Belgium,F,Inundation,N/A; also used for airports,"Yes, formula available",Education & Health,Vanneuville et al. (2006),R,No,flood,F_Vuln_Depth,Depth,m
No damage due to submergence.,Yes,RC,F5.1,V,,H (A+E+O),Distribution circuits buried crossings,USA,F,Inundation,EDC/EDCB,"Yes, datapoints were given for reconstruction of the curve",Energy,FEMA (2013),M,No,flood,F_Vuln_Depth,Depth,m
No damage due to submergence.,Yes,RC,F6.1,V,,H (A+E+O),Distribution circuits (non-crossing),USA,F,Inundation,EDC,"Yes, datapoints were given for reconstruction of the curve",Energy,FEMA (2013),M,No,flood,F_Vuln_Depth,Depth,m
Low vulnerability due to flooding of ends of buried cables and possible barge traffic impacting transmission towers. ,Yes,RC,F6.2,V,,H (A+E+O),Distribution circuits elevated crossings,USA,F,Inundation,EDC/EDCE,"Yes, datapoints were given for reconstruction of the curve",Energy,FEMA (2013),M,No,flood,F_Vuln_Depth,Depth,m
Generalized curve for energy assets in diked areas,No,RC,F6.3,V,,H(E+O),Energy system,Netherlands,F,Inundation,Damagefunction 6,"Yes, formula available for reconstruction of curve",Energy,Kok et al. (2005),R,No,flood,F_Vuln_Depth,Depth,m
,Yes,RC,F7.1,V,,H(E+O),Roads,Europe,F,Inundation,,"Yes, datapoints were given for reconstruction of the curve",Transportation,Huizinga et al. (2017),M,No,flood,F_Vuln_Depth,Depth,m
In diked areas,Yes,RC,F7.10,V,,H(E+O),Roads,Netherlands,F,Inundation,"Damagefunction 4; also applied to railway; and used for assessments in Belgium (Vaneuville et al., 2006)","Yes, formula available for reconstruction of curve",Transportation,Kok et al. (2005),R,"Yes, in costs",flood,F_Vuln_Depth,Depth,m
,Yes,RC,F7.11,V,,H(E+O),Roads,Belgium,F,Inundation,,"Yes, formula available for reconstruction of curve",Transportation,Vanneuville et al. (2006),R,"Yes, in costs",flood,F_Vuln_Depth,Depth,m
In diked areas,Yes,RC,F7.12,V,,H(E+O),Roads,Netherlands,F,Inundation,,"No, but figure was given. Replicated figure to retrieve datapoints",Transportation,de Bruijn et al. (2015),R,"Yes, in costs",flood,F_Vuln_Depth,Depth,m
,Yes,RC,F7.13,V,,H(E+O),Roads,Trans-boundary Rhine countries,F,Inundation,Traffic,Yes,Transportation,ICPR (2001),R,No,flood,F_Vuln_Depth,Depth,m
,Yes,RC,F7.2,V,,H(E+O),Roads,Asia,F,Inundation,,"Yes, datapoints were given for reconstruction of the curve",Transportation,Huizinga et al. (2017),M,"Yes, bandwidth(s) for curve(s)",flood,F_Vuln_Depth,Depth,m
,Yes,RC,F7.3,V,,H(E+O),Roads,Global,F,Inundation,,"Yes, datapoints were given for reconstruction of the curve",Transportation,Huizinga et al. (2017),M,No,flood,F_Vuln_Depth,Depth,m
Sophisticated accessories (low flow),Yes,RC,F7.4,V,,H(E+O),Motorways and trunk roads (with 1m embankment),Europe,F,Inundation,C1,"Yes, datapoints were given for reconstruction of the curve",Transportation,van Ginkel et al. (2021),P,"Yes, in costs",flood,F_Vuln_Depth,Depth,m
Sophisticated accessories (high flow),Yes,RC,F7.5,V,,H(E+O),Motorways and trunk roads (with 1m embankment),Europe,F,Inundation,C2,"Yes, datapoints were given for reconstruction of the curve",Transportation,van Ginkel et al. (2021),P,"Yes, in costs",flood,F_Vuln_Depth,Depth,m
Without sophisticated accessories - simple roads (low flow),Yes,RC,F7.6,V,,H(E+O),Motorways and trunk roads (with 1m embankment),Europe,F,Inundation,C3,"Yes, datapoints were given for reconstruction of the curve",Transportation,van Ginkel et al. (2021),P,"Yes, in costs",flood,F_Vuln_Depth,Depth,m
Without sophisticated accessories - simple roads (high flow),Yes,RC,F7.7,V,,H(E+O),Motorways and trunk roads (with 1m embankment),Europe,F,Inundation,C4,"Yes, datapoints were given for reconstruction of the curve",Transportation,van Ginkel et al. (2021),P,"Yes, in costs",flood,F_Vuln_Depth,Depth,m
low flow,Yes,RC,F7.8,V,,H(E+O),Other roads (no embankent),Europe,F,Inundation,C5,"Yes, datapoints were given for reconstruction of the curve",Transportation,van Ginkel et al. (2021),P,"Yes, in costs",flood,F_Vuln_Depth,Depth,m
high flow,Yes,RC,F7.9,V,,H(E+O),Other roads (no embankent),Europe,F,Inundation,C6,"Yes, datapoints were given for reconstruction of the curve",Transportation,van Ginkel et al. (2021),P,"Yes, in costs",flood,F_Vuln_Depth,Depth,m
"Double-tracked railway with a subtructure, superstructure, catenary and signals",Yes,AD (two-staged damage approach),F8.1,V,,H(A+E+O),Railways,Austria,F,Inundation,,"Yes, datapoints were given for reconstruction of the curve",Transportation,Kellerman et al. (2015),P,No,flood,F_Vuln_Depth,Depth,m
Double-tracked railway in diked areas,Yes,RC,F8.2,V,,H(E+O),Railways,Netherlands,F,Inundation,Damagefunction 4,"Yes, formula available for reconstruction of curve",Transportation,Kok et al. (2005),R,"Yes, in costs",flood,F_Vuln_Depth,Depth,m
,Yes,RC,F8.3,V,,H(E+O),Railways,Belgium,F,Inundation,N/A; same as Kok et al. (2005) for roads/railways,"Yes, formula available",Transportation,Vanneuville et al. (2006),R,No,flood,F_Vuln_Depth,Depth,m
,Yes,RC,F8.4,V,,H(E+O),Railways,Netherlands,F,Inundation,N/A; also used for roads ,"No, but figure was given. Replicated figure to retrieve datapoints",Transportation,de Bruijn et al. (2015),R,No,flood,F_Vuln_Depth,Depth,m
including roads and railways,Yes,RD,F8.5,V,,H(E+O),Railways,Europe,F,Inundation,,"Yes, datapoints were given for reconstruction of the curve",Transportation,Huizinga et al. (2017),M,No,flood,F_Vuln_Depth,Depth,m
including roads and railways,Yes,RD,F8.6,V,,H(E+O),Railways,Asia,F,Inundation,,"Yes, datapoints were given for reconstruction of the curve",Transportation,Huizinga et al. (2017),M,"Yes, bandwidth(s) for curve(s)",flood,F_Vuln_Depth,Depth,m
including roads and railways,Yes,RD,F8.7,V,,H(E+O),Railways,Global,F,Inundation,,"Yes, datapoints were given for reconstruction of the curve",Transportation,Huizinga et al. (2017),M,No,flood,F_Vuln_Depth,Depth,m
Generic curve for industry is used for train stations,Yes ,RC,F8.8,V,,H(E+O),Train stations,Belgium,F,Inundation,N/A; also used for airports Vanneuville et al. 2006,"Yes, formula available",Transportation,Vanneuville et al. (2006),R,No,flood,F_Vuln_Depth,Depth,m
Generic curve: also used for agriculture and recreation parks; in diked areas,Yes,RC,F9.1,V,,H(E+O),Airports,Netherlands,F,Inundation,Damagefunction 1,"Yes, formula available for reconstruction of curve",Transportation,Kok et al. (2005),R,"Yes, in costs",flood,F_Vuln_Depth,Depth,m
,Yes,RC,F9.2,V,,H(E+O),Airports,Netherlands,F,Inundation,Same as road function,"No, but figure was given. Replicated figure to retrieve datapoints",Transportation,de Bruijn et al. (2015),R,No,flood,F_Vuln_Depth,Depth,m
,Yes ,RC,F9.3,V,,H(E+O),Airports,Belgium,F,Inundation,N/A; also used for train stations ,"Yes, formula available",Transportation,Vanneuville et al. (2006),R,No,flood,F_Vuln_Depth,Depth,m
,Yes,RC,L1.1,F,1 - 'Complete',H (A+E+O),Power plant,USA,L,Permanent Ground Displacement ,,"Yes, median and dispersion factor were given for reconstruction of the curve",Energy,FEMA (2020),M,"Yes, bandwidth(s) for curve(s)",landslide,L_Vuln_PGD,Peak Ground Deformation,cm
,Yes,RC,L12.1,F,1 - 'Complete',H (A+E+O),Central offices and broadcasting stations,USA,L,Permanent Ground Displacement ,,"Yes, median and dispersion factor were given for reconstruction of the curve",Telecommunication,FEMA (2020),M,"Yes, bandwidth(s) for curve(s)",landslide,L_Vuln_PGD,Peak Ground Deformation,cm
Above ground tanks,Yes,RC,L13.1,F,1 - 'Complete',H (A+E+O),Water storage tanks,USA,L,Permanent Ground Displacement,,"Yes, median and dispersion factor were given for reconstruction of the curve",Water,FEMA (2020),M,"Yes, bandwidth(s) for curve(s)",landslide,L_Vuln_PGD,Peak Ground Deformation,cm
Buried concrete tank,Yes,RC,L13.12,F + V,"4 - 'Slight', 'Moderate', 'Extensive', 'Complete'",H (A+E+O),Water storage tanks,USA,L,Peak Ground Displacement,PSTBC,"Yes, median and dispersion factor were given for reconstruction of the curve",Water,FEMA (2020),M,"Yes, bandwidth(s) for curve(s)",landslide,L_Vuln_PGD,Peak Ground Deformation,cm
,No,RC,L16.1,V (repair rate),,E,Buried pipelines,"USA, Mexico",L,Permanent Ground Displacement ,,"Yes, formula available",Water,Eidinger (1984),R,No,landslide,L_Vuln_PGD,Peak Ground Deformation,cm
"Pipe material: PVC, joint type: rubber gasket",No,RC,L16.10,V (repair rate),,E,Buried pipelines,"USA, Mexico",L,Permanent Ground Displacement ,,"Yes, formula available",Water,Eidinger (1984),R,No,landslide,L_Vuln_PGD,Peak Ground Deformation,cm
"Pipe material: ductile iron, joint type:  rubber gasket",No,RC,L16.11,V (repair rate),,E,Buried pipelines,"USA, Mexico",L,Permanent Ground Displacement ,,"Yes, formula available",Water,Eidinger (1984),R,No,landslide,L_Vuln_PGD,Peak Ground Deformation,cm
,No,RC,L16.12,V (repair rate),,E,Buried pipelines,"USA, Japan",L,Permanent Ground Displacement ,,"Yes, formula available",Water,Eidinger et al. (2001),R,No,landslide,L_Vuln_PGD,Peak Ground Deformation,cm
"Pipe material: cast iron, joint type: cement",No,RC,L16.13,V (repair rate),,E,Buried pipelines,"USA, Japan",L,Permanent Ground Displacement ,,"Yes, formula available",Water,Eidinger et al. (2001),R,No,landslide,L_Vuln_PGD,Peak Ground Deformation,cm
"Pipe material: cast iron, joint type: rubber gasket",No,RC,L16.14,V (repair rate),,E,Buried pipelines,"USA, Japan",L,Permanent Ground Displacement ,,"Yes, formula available",Water,Eidinger et al. (2001),R,No,landslide,L_Vuln_PGD,Peak Ground Deformation,cm
"Pipe material: cast iron, joint type: mechanical restrained",No,RC,L16.15,V (repair rate),,E,Buried pipelines,"USA, Japan",L,Permanent Ground Displacement ,,"Yes, formula available",Water,Eidinger et al. (2001),R,No,landslide,L_Vuln_PGD,Peak Ground Deformation,cm
"Pipe material: welded steel, joint type: arc welded, lap welds (large diameter, non  corrosive)",No,RC,L16.16,V (repair rate),,E,Buried pipelines,"USA, Japan",L,Permanent Ground Displacement ,,"Yes, formula available",Water,Eidinger et al. (2001),R,No,landslide,L_Vuln_PGD,Peak Ground Deformation,cm
"Pipe material: welded steel, joint type: rubber gasket",No,RC,L16.17,V (repair rate),,E,Buried pipelines,"USA, Japan",L,Permanent Ground Displacement ,,"Yes, formula available",Water,Eidinger et al. (2001),R,No,landslide,L_Vuln_PGD,Peak Ground Deformation,cm
"Pipe material: abestos cement, joint type: rubber gasket",No,RC,L16.18,V (repair rate),,E,Buried pipelines,"USA, Japan",L,Permanent Ground Displacement ,,"Yes, formula available",Water,Eidinger et al. (2001),R,No,landslide,L_Vuln_PGD,Peak Ground Deformation,cm
"Pipe material: abestos cement, joint type: cement",No,RC,L16.19,V (repair rate),,E,Buried pipelines,"USA, Japan",L,Permanent Ground Displacement ,,"Yes, formula available",Water,Eidinger et al. (2001),R,No,landslide,L_Vuln_PGD,Peak Ground Deformation,cm
"Pipe material: cast iron, joint type: cement",No,RC,L16.2,V (repair rate),,E,Buried pipelines,"USA, Mexico",L,Permanent Ground Displacement ,,"Yes, formula available",Water,Eidinger (1984),R,No,landslide,L_Vuln_PGD,Peak Ground Deformation,cm
"Pipe material: concrete with steel cylinder, joint type: welded",No,RC,L16.20,V (repair rate),,E,Buried pipelines,"USA, Japan",L,Permanent Ground Displacement ,,"Yes, formula available",Water,Eidinger et al. (2001),R,No,landslide,L_Vuln_PGD,Peak Ground Deformation,cm
"Pipe material:  concrete with steel cylinder, joint type: cement",No,RC,L16.21,V (repair rate),,E,Buried pipelines,"USA, Japan",L,Permanent Ground Displacement ,,"Yes, formula available",Water,Eidinger et al. (2001),R,No,landslide,L_Vuln_PGD,Peak Ground Deformation,cm
"Pipe material:  concrete with steel cylinder, joint type: rubber gasket",No,RC,L16.22,V (repair rate),,E,Buried pipelines,"USA, Japan",L,Permanent Ground Displacement ,,"Yes, formula available",Water,Eidinger et al. (2001),R,No,landslide,L_Vuln_PGD,Peak Ground Deformation,cm
"Pipe material:  PVC, joint type: rubber gasket",No,RC,L16.23,V (repair rate),,E,Buried pipelines,"USA, Japan",L,Permanent Ground Displacement ,,"Yes, formula available",Water,Eidinger et al. (2001),R,No,landslide,L_Vuln_PGD,Peak Ground Deformation,cm
"Pipe material: ductile iron, joint type: rubber gasket",No,RC,L16.24,V (repair rate),,E,Buried pipelines,"USA, Japan",L,Permanent Ground Displacement ,,"Yes, formula available",Water,Eidinger et al. (2001),R,No,landslide,L_Vuln_PGD,Peak Ground Deformation,cm
"Pipe material: cast iron, joint type: rubber gasket, mechanical",No,RC,L16.3,V (repair rate),,E,Buried pipelines,"USA, Mexico",L,Permanent Ground Displacement ,,"Yes, formula available",Water,Eidinger (1984),R,No,landslide,L_Vuln_PGD,Peak Ground Deformation,cm
"Pipe material: welded steel, joint type: arc welded single lap",No,RC,L16.4,V (repair rate),,E,Buried pipelines,"USA, Mexico",L,Permanent Ground Displacement ,,"Yes, formula available",Water,Eidinger (1984),R,No,landslide,L_Vuln_PGD,Peak Ground Deformation,cm
"Pipe material: welded steel, joint type: rubber gasket",No,RC,L16.5,V (repair rate),,H (E + O),Buried pipelines,"USA, Mexico",L,Permanent Ground Displacement ,,"Yes, formula available",Water,Eidinger (1984),R,No,landslide,L_Vuln_PGD,Peak Ground Deformation,cm
"Pipe material: abestos cement, joint type: rubber gasket",No,RC,L16.6,V (repair rate),,E,Buried pipelines,"USA, Mexico",L,Permanent Ground Displacement ,,"Yes, formula available",Water,Eidinger (1984),R,No,landslide,L_Vuln_PGD,Peak Ground Deformation,cm
"Pipe material: abestos cement, joint type: cement",No,RC,L16.7,V (repair rate),,E,Buried pipelines,"USA, Mexico",L,Permanent Ground Displacement ,,"Yes, formula available",Water,Eidinger (1984),R,No,landslide,L_Vuln_PGD,Peak Ground Deformation,cm
"Pipe material: concrete, joint type: welded",No,RC,L16.8,V (repair rate),,H (E + O),Buried pipelines,"USA, Mexico",L,Permanent Ground Displacement ,,"Yes, formula available",Water,Eidinger (1984),R,No,landslide,L_Vuln_PGD,Peak Ground Deformation,cm
"Pipe material: concrete, joint type: cement",No,RC,L16.9,V (repair rate),,H (E + O),Buried pipelines,"USA, Mexico",L,Permanent Ground Displacement ,,"Yes, formula available",Water,Eidinger (1984),R,No,landslide,L_Vuln_PGD,Peak Ground Deformation,cm
,Yes,RC,L18.1,F,1 - 'Complete',H (A+E+O),Wastewater treatment plant,USA,L,Permanent Ground Displacement,,"Yes, median and dispersion factor were given for reconstruction of the curve",Waste,FEMA (2020),M,"Yes, bandwidth(s) for curve(s)",landslide,L_Vuln_PGD,Peak Ground Deformation,cm
,No,RC,L19.1,V (repair rate),,E,Buried pipelines,"USA, Mexico",L,Permanent Ground Displacement ,,"Yes, formula available",Waste,Eidinger (1984),R,No,landslide,L_Vuln_PGD,Peak Ground Deformation,cm
"Pipe material: PVC, joint type: rubber gasket",No,RC,L19.10,V (repair rate),,E,Buried pipelines,"USA, Mexico",L,Permanent Ground Displacement ,,"Yes, formula available",Waste,Eidinger (1984),R,No,landslide,L_Vuln_PGD,Peak Ground Deformation,cm
"Pipe material: ductile iron, joint type:  rubber gasket",No,RC,L19.11,V (repair rate),,E,Buried pipelines,"USA, Mexico",L,Permanent Ground Displacement ,,"Yes, formula available",Waste,Eidinger (1984),R,No,landslide,L_Vuln_PGD,Peak Ground Deformation,cm
,No,RC,L19.12,V (repair rate),,E,Buried pipelines,"USA, Japan",L,Permanent Ground Displacement ,,"Yes, formula available",Waste,Eidinger et al. (2001),R,No,landslide,L_Vuln_PGD,Peak Ground Deformation,cm
"Pipe material: cast iron, joint type: cement",No,RC,L19.13,V (repair rate),,E,Buried pipelines,"USA, Japan",L,Permanent Ground Displacement ,,"Yes, formula available",Waste,Eidinger et al. (2001),R,No,landslide,L_Vuln_PGD,Peak Ground Deformation,cm
"Pipe material: cast iron, joint type: rubber gasket",No,RC,L19.14,V (repair rate),,E,Buried pipelines,"USA, Japan",L,Permanent Ground Displacement ,,"Yes, formula available",Waste,Eidinger et al. (2001),R,No,landslide,L_Vuln_PGD,Peak Ground Deformation,cm
"Pipe material: cast iron, joint type: mechanical restrained",No,RC,L19.15,V (repair rate),,E,Buried pipelines,"USA, Japan",L,Permanent Ground Displacement ,,"Yes, formula available",Waste,Eidinger et al. (2001),R,No,landslide,L_Vuln_PGD,Peak Ground Deformation,cm
"Pipe material: welded steel, joint type: arc welded, lap welds (large diameter, non  corrosive)",No,RC,L19.16,V (repair rate),,E,Buried pipelines,"USA, Japan",L,Permanent Ground Displacement ,,"Yes, formula available",Waste,Eidinger et al. (2001),R,No,landslide,L_Vuln_PGD,Peak Ground Deformation,cm
"Pipe material: welded steel, joint type: rubber gasket",No,RC,L19.17,V (repair rate),,E,Buried pipelines,"USA, Japan",L,Permanent Ground Displacement ,,"Yes, formula available",Waste,Eidinger et al. (2001),R,No,landslide,L_Vuln_PGD,Peak Ground Deformation,cm
"Pipe material: abestos cement, joint type: rubber gasket",No,RC,L19.18,V (repair rate),,E,Buried pipelines,"USA, Japan",L,Permanent Ground Displacement ,,"Yes, formula available",Waste,Eidinger et al. (2001),R,No,landslide,L_Vuln_PGD,Peak Ground Deformation,cm
"Pipe material: abestos cement, joint type: cement",No,RC,L19.19,V (repair rate),,E,Buried pipelines,"USA, Japan",L,Permanent Ground Displacement ,,"Yes, formula available",Waste,Eidinger et al. (2001),R,No,landslide,L_Vuln_PGD,Peak Ground Deformation,cm
"Pipe material: cast iron, joint type: cement",No,RC,L19.2,V (repair rate),,E,Buried pipelines,"USA, Mexico",L,Permanent Ground Displacement ,,"Yes, formula available",Waste,Eidinger (1984),R,No,landslide,L_Vuln_PGD,Peak Ground Deformation,cm
"Pipe material: concrete with steel cylinder, joint type: welded",No,RC,L19.20,V (repair rate),,E,Buried pipelines,"USA, Japan",L,Permanent Ground Displacement ,,"Yes, formula available",Waste,Eidinger et al. (2001),R,No,landslide,L_Vuln_PGD,Peak Ground Deformation,cm
"Pipe material:  concrete with steel cylinder, joint type: cement",No,RC,L19.21,V (repair rate),,E,Buried pipelines,"USA, Japan",L,Permanent Ground Displacement ,,"Yes, formula available",Waste,Eidinger et al. (2001),R,No,landslide,L_Vuln_PGD,Peak Ground Deformation,cm
"Pipe material:  concrete with steel cylinder, joint type: rubber gasket",No,RC,L19.22,V (repair rate),,E,Buried pipelines,"USA, Japan",L,Permanent Ground Displacement ,,"Yes, formula available",Waste,Eidinger et al. (2001),R,No,landslide,L_Vuln_PGD,Peak Ground Deformation,cm
"Pipe material:  PVC, joint type: rubber gasket",No,RC,L19.23,V (repair rate),,E,Buried pipelines,"USA, Japan",L,Permanent Ground Displacement ,,"Yes, formula available",Waste,Eidinger et al. (2001),R,No,landslide,L_Vuln_PGD,Peak Ground Deformation,cm
"Pipe material: ductile iron, joint type: rubber gasket",No,RC,L19.24,V (repair rate),,E,Buried pipelines,"USA, Japan",L,Permanent Ground Displacement ,,"Yes, formula available",Waste,Eidinger et al. (2001),R,No,landslide,L_Vuln_PGD,Peak Ground Deformation,cm
"Pipe material: cast iron, joint type: rubber gasket, mechanical",No,RC,L19.3,V (repair rate),,E,Buried pipelines,"USA, Mexico",L,Permanent Ground Displacement ,,"Yes, formula available",Waste,Eidinger (1984),R,No,landslide,L_Vuln_PGD,Peak Ground Deformation,cm
"Pipe material: welded steel, joint type: arc welded single lap",No,RC,L19.4,V (repair rate),,E,Buried pipelines,"USA, Mexico",L,Permanent Ground Displacement ,,"Yes, formula available",Waste,Eidinger (1984),R,No,landslide,L_Vuln_PGD,Peak Ground Deformation,cm
"Pipe material: welded steel, joint type: rubber gasket",No,RC,L19.5,V (repair rate),,H (E + O),Buried pipelines,"USA, Mexico",L,Permanent Ground Displacement ,,"Yes, formula available",Waste,Eidinger (1984),R,No,landslide,L_Vuln_PGD,Peak Ground Deformation,cm
"Pipe material: abestos cement, joint type: rubber gasket",No,RC,L19.6,V (repair rate),,E,Buried pipelines,"USA, Mexico",L,Permanent Ground Displacement ,,"Yes, formula available",Waste,Eidinger (1984),R,No,landslide,L_Vuln_PGD,Peak Ground Deformation,cm
"Pipe material: abestos cement, joint type: cement",No,RC,L19.7,V (repair rate),,E,Buried pipelines,"USA, Mexico",L,Permanent Ground Displacement ,,"Yes, formula available",Waste,Eidinger (1984),R,No,landslide,L_Vuln_PGD,Peak Ground Deformation,cm
"Pipe material: concrete, joint type: welded",No,RC,L19.8,V (repair rate),,H (E + O),Buried pipelines,"USA, Mexico",L,Permanent Ground Displacement ,,"Yes, formula available",Waste,Eidinger (1984),R,No,landslide,L_Vuln_PGD,Peak Ground Deformation,cm
"Pipe material: concrete, joint type: cement",No,RC,L19.9,V (repair rate),,H (E + O),Buried pipelines,"USA, Mexico",L,Permanent Ground Displacement ,,"Yes, formula available",Waste,Eidinger (1984),R,No,landslide,L_Vuln_PGD,Peak Ground Deformation,cm
,Yes,RC,L2.1,F,1 - 'Complete',H (A+E+O),Substation ,USA,L,Permanent Ground Displacement,,"Yes, median and dispersion factor were given for reconstruction of the curve",Energy,FEMA (2020),M,"Yes, bandwidth(s) for curve(s)",landslide,L_Vuln_PGD,Peak Ground Deformation,cm
,Yes,RC,L20.1,F,1 - 'Complete',H (A+E+O),Liftstation,USA,L,Permanent Ground Displacement,,"Yes, median and dispersion factor were given for reconstruction of the curve",Waste,FEMA (2020),M,No,landslide,L_Vuln_PGD,Peak Ground Deformation,cm
"Interstate and state highways, with four lanes or more, parkways",Yes,RC,L7.1,F + V,"3 - 'Slight', 'Moderate', 'Extensive/Complete'",O,Major roads,USA,L,Permanent Ground Displacement ,HRD1,"Yes, median and dispersion factor were given for reconstruction of the curve",Transportation,FEMA (2020),M,"Yes, bandwidth(s) for curve(s)",landslide,L_Vuln_PGD,Peak Ground Deformation,cm
Intercity roads and other roads with two lanes,Yes,RC,L7.2,F + V,"3 - 'Slight', 'Moderate', 'Extensive/Complete'",O,Urban roads,USA,L,Permanent Ground Displacement,HRD2,"Yes, median and dispersion factor were given for reconstruction of the curve",Transportation,FEMA (2020),M,"Yes, bandwidth(s) for curve(s)",landslide,L_Vuln_PGD,Peak Ground Deformation,cm
"Urban roads, suburban secondary roads composed by single carriageways with two lanes; roads of 7.4 years exposed to slow-moving landslides ",Yes,RC,L7.34,F + V,"4 - 'Negligible', 'From very low to low', 'From moderate to severe', 'Very severe' ",E,Roads,"Campania region, Italy",L,Representative velocity along the steepest slope direction ,,"Yes, median and dispersion factor were given for reconstruction of the curve",Transportation,Ferlisi et al (2021),P,No,landslide,L_Vuln_Vslope,"Representative velocity along the steepest slope direction, Vslope",mm/year
"Urban roads, suburban secondary roads composed by single carriageways with two lanes; roads of 12.4 years exposed to slow-moving landslides",Yes,RC,L7.35,V,,H (E + A),Roads,"Campania region, Italy",L,Representative velocity along the steepest slope direction ,,"No, but figure was given. Replicated figure to retrieve datapoints",Transportation,Ferlisi et al (2021),P,No,landslide,L_Vuln_Vslope,"Representative velocity along the steepest slope direction, Vslope",mm/year
"Urban roads, suburban secondary roads composed by single carriageways with two lanes;  roads of 17.4 years exposed to slow-moving landslides",Yes,RC,L7.36,V,,H (E + A),Roads,"Campania region, Italy",L,Representative velocity along the steepest slope direction ,,"No, but figure was given. Replicated figure to retrieve datapoints",Transportation,Ferlisi et al (2021),P,No,landslide,L_Vuln_Vslope,"Representative velocity along the steepest slope direction, Vslope",mm/year
"Urban roads, suburban secondary roads composed by single carriageways with two lanes;  roads of 22.4 years exposed to slow-moving landslides",Yes,RC,L7.37,V,,H (E + A),Roads,"Campania region, Italy",L,Representative velocity along the steepest slope direction ,,"No, but figure was given. Replicated figure to retrieve datapoints",Transportation,Ferlisi et al (2021),P,No,landslide,L_Vuln_Vslope,"Representative velocity along the steepest slope direction, Vslope",mm/year
Interstate and state railways,Yes,RC,L8.1,F + V,"3 - 'Slight', 'Moderate', 'Extensive/Complete'",O,Railways,USA,L,Permanent Ground Displacement ,HRD1,"Yes, median and dispersion factor were given for reconstruction of the curve",Transportation,FEMA (2020),M,"Yes, bandwidth(s) for curve(s)",landslide,L_Vuln_PGD,Peak Ground Deformation,cm
with buried tanks,Yes,RC,L8.2,F + V,"3 - 'Slight', 'Moderate', 'Extensive/Complete'",O,Fuel facility,USA,L,Permanent Ground Displacement ,,"Yes, median and dispersion factor were given for reconstruction of the curve",Transportation,FEMA (2020),M,"Yes, bandwidth(s) for curve(s)",landslide,L_Vuln_PGD,Peak Ground Deformation,cm
Paved,Yes,RC,L9.1,F + V,"3 - 'Slight/Moderate', 'Extensive', 'Complete'",H (A+E+O),Runways,USA,L,Permanent Ground Displacement ,,"Yes, median and dispersion factor were given for reconstruction of the curve",Transportation,FEMA (2020),M,"Yes, bandwidth(s) for curve(s)",landslide,L_Vuln_PGD,Peak Ground Deformation,cm
with buried tanks,Yes,RC,L9.2,F + V,"3 - 'Slight', 'Moderate', 'Extensive/Complete'",H(A+O),Fuel facility,USA,L,Permanent Ground Displacement ,,"Yes, median and dispersion factor were given for reconstruction of the curve",Transportation,FEMA (2020),M,"Yes, bandwidth(s) for curve(s)",landslide,L_Vuln_PGD,Peak Ground Deformation,cm
"1-MW capacity, 40-m hub height; fixed in the base; blades in feathered position minimizing the drag force",Yes,RC,W1.1,F + V,"3 - 'Residual displacement', 'Yielding of tower', 'Collapse'",A,Wind turbines,Mexico,W,3-sec peak gust wind speed at 10 m height,,"Yes, datapoints were given for reconstruction of the curve",Energy,Jaimes et al. (2019),P,"Yes, bandwidth(s) for curve(s)",wind,W_Vuln_V10m,Wind speed at 10 m height,m/s
"2.5-MW capacity, 80-m hub height; fixed in the base; blades in feathered position minimizing the drag force",Yes,RC,W1.2,F + V,"3 - 'Residual displacement', 'Yielding of tower', 'Collapse'",A,Wind turbines,Mexico,W,3-sec peak gust wind speed at 10 m height,,"Yes, datapoints were given for reconstruction of the curve",Energy,Jaimes et al. (2019),P,"Yes, bandwidth(s) for curve(s)",wind,W_Vuln_V10m,Wind speed at 10 m height,m/s
"3.3-MW capacity, 100-m hub height; fixed in the base; blades in feathered position minimizing the drag force",Yes,RC,W1.3,F + V,"3 - 'Residual displacement', 'Yielding of tower', 'Collapse'",A,Wind turbines,Mexico,W,3-sec peak gust wind speed at 10 m height,,"Yes, datapoints were given for reconstruction of the curve",Energy,Jaimes et al. (2019),P,"Yes, bandwidth(s) for curve(s)",wind,W_Vuln_V10m,Wind speed at 10 m height,m/s
,No,RC,W14.1,F + V,1 - 'Complete',O,Water treatment plant,Global,W,Wind speed,,"No, but figure was given. Replicated figure to retrieve datapoints",Water,Miyamoto International (2019),M,No,wind,W_Vuln_V10m,Wind speed at 10 m height,m/s
,No,RC,W16.1,F + V,1 - 'Complete',O,Buried pipelines,Global,W,Wind speed,,"No, but figure was given. Replicated figure to retrieve datapoints",Water,Miyamoto International (2019),M,No,wind,W_Vuln_V10m,Wind speed at 10 m height,m/s
,No,RC,W18.1,F + V,1 - 'Complete',O,Wastewater treatment plant,Global,W,Wind speed,,"No, but figure was given. Replicated figure to retrieve datapoints",Waste,Miyamoto International (2019),M,No,wind,W_Vuln_V10m,Wind speed at 10 m height,m/s
,No,RC,W19.1,F + V,1 - 'Complete',O,Buried pipelines,Global,W,Wind speed,,"No, but figure was given. Replicated figure to retrieve datapoints",Waste,Miyamoto International (2019),M,No,wind,W_Vuln_V10m,Wind speed at 10 m height,m/s
Building design: Marcos,Yes,RC,W21.1,V,,E,School,"Southern Luzon, Philippines",W,Wind speed,,"Yes, formula available",Education & Health,Acosta et al. (2018),P,No,wind,W_Vuln_V10m,Wind speed at 10 m height,m/s
Wooden roof structure,No,RC,W21.10,V,,H(A+E),School,Philippines,W,3s gust wind speed at 10 m height,,"Yes, formula available",Education & Health,Acosta (2022),P,"Yes, bandwidth(s) for curve(s)",wind,W_Vuln_V10m,Wind speed at 10 m height,m/s
Building design: BLSB1,Yes,RC,W21.2,V,,E,School,"Southern Luzon, Philippines",W,Wind speed,,"Yes, formula available",Education & Health,Acosta et al. (2018),P,No,wind,W_Vuln_V10m,Wind speed at 10 m height,m/s
Building design: RPUS,Yes,RC,W21.3,V,,E,School,"Southern Luzon, Philippines",W,Wind speed,,"Yes, formula available",Education & Health,Acosta et al. (2018),P,No,wind,W_Vuln_V10m,Wind speed at 10 m height,m/s
Building design: DECS std.,Yes,RC,W21.4,V,,E,School,"Southern Luzon, Philippines",W,Wind speed,,"Yes, formula available",Education & Health,Acosta et al. (2018),P,No,wind,W_Vuln_V10m,Wind speed at 10 m height,m/s
Building design: DepEd STD,Yes,RC,W21.5,V,,E,School,"Southern Luzon, Philippines",W,Wind speed,,"Yes, formula available",Education & Health,Acosta et al. (2018),P,No,wind,W_Vuln_V10m,Wind speed at 10 m height,m/s
"Design speed 160 km/h, urban terrain",No,RC,W3.10,V,,H(A+E),Power tower,Mexico,W,3-sec gust speed,,"No, but figure was given. Replicated figure to retrieve datapoints",Energy,Reinoso et al. (2020),P,No,wind,W_Vuln_V10m,Wind speed at 10 m height,m/s
"Design speed 170 km/h, urban terrain",No,RC,W3.11,V,,H(A+E),Power tower,Mexico,W,3-sec gust speed,,"No, but figure was given. Replicated figure to retrieve datapoints",Energy,Reinoso et al. (2020),P,No,wind,W_Vuln_V10m,Wind speed at 10 m height,m/s
"Design speed 180 km/h, urban terrain",No,RC,W3.12,V,,H(A+E),Power tower,Mexico,W,3-sec gust speed,,"No, but figure was given. Replicated figure to retrieve datapoints",Energy,Reinoso et al. (2020),P,No,wind,W_Vuln_V10m,Wind speed at 10 m height,m/s
"Design speed 190 km/h, urban terrain",No,RC,W3.13,V,,H(A+E),Power tower,Mexico,W,3-sec gust speed,,"No, but figure was given. Replicated figure to retrieve datapoints",Energy,Reinoso et al. (2020),P,No,wind,W_Vuln_V10m,Wind speed at 10 m height,m/s
"Design speed 200 km/h, urban terrain",No,RC,W3.14,V,,H(A+E),Power tower,Mexico,W,3-sec gust speed,,"No, but figure was given. Replicated figure to retrieve datapoints",Energy,Reinoso et al. (2020),P,No,wind,W_Vuln_V10m,Wind speed at 10 m height,m/s
"Design speed 110 km/h, urban terrain",No,RC,W3.5,V,,H(A+E),Power tower,Mexico,W,3-sec gust speed,,"No, but figure was given. Replicated figure to retrieve datapoints",Energy,Reinoso et al. (2020),P,No,wind,W_Vuln_V10m,Wind speed at 10 m height,m/s
"Design speed 120 km/h, urban terrain",No,RC,W3.6,V,,H(A+E),Power tower,Mexico,W,3-sec gust speed,,"No, but figure was given. Replicated figure to retrieve datapoints",Energy,Reinoso et al. (2020),P,No,wind,W_Vuln_V10m,Wind speed at 10 m height,m/s
"Design speed 130 km/h, urban terrain",No,RC,W3.7,V,,H(A+E),Power tower,Mexico,W,3-sec gust speed,,"No, but figure was given. Replicated figure to retrieve datapoints",Energy,Reinoso et al. (2020),P,No,wind,W_Vuln_V10m,Wind speed at 10 m height,m/s
"Design speed 140 km/h, urban terrain",No,RC,W3.8,V,,H(A+E),Power tower,Mexico,W,3-sec gust speed,,"No, but figure was given. Replicated figure to retrieve datapoints",Energy,Reinoso et al. (2020),P,No,wind,W_Vuln_V10m,Wind speed at 10 m height,m/s
"Design speed 150 km/h, urban terrain",No,RC,W3.9,V,,H(A+E),Power tower,Mexico,W,3-sec gust speed,,"No, but figure was given. Replicated figure to retrieve datapoints",Energy,Reinoso et al. (2020),P,No,wind,W_Vuln_V10m,Wind speed at 10 m height,m/s
On-grade,No,RC,W7.2,F + V,1 - 'Physical damage probability' ,O,Roads,Global,W,Wind speed,,"No, but figure was given. Replicated figure to retrieve datapoints",Transportation,Miyamoto International (2019),M,No,wind,W_Vuln_V10m,Wind speed at 10 m height,m/s
